년월일,시,가로명,링크명,속도
2024-04-10,00,달구벌대로,달구벌대로_구간,44.5
2024-04-10,01,달구벌대로,달구벌대로_구간,41.1
2024-04-10,02,달구벌대로,달구벌대로_구간,43.4
2024-04-10,03,달구벌대로,달구벌대로_구간,42.7
2024-04-10,04,달구벌대로,달구벌대로_구간,36.5
2024-04-10,05,달구벌대로,달구벌대로_구간,35.7
2024-04-10,06,달구벌대로,달구벌대로_구간,34.2
2024-04-10,07,달구벌대로,달구벌대로_구간,23.4
2024-04-10,08,달구벌대로,달구벌대로_구간,18.0
2024-04-10,09,달구벌대로,달구벌대로_구간,24.5
2024-04-10,10,달구벌대로,달구벌대로_구간,31.6
2024-04-10,11,달구벌대로,달구벌대로_구간,33.4
2024-04-10,12,달구벌대로,달구벌대로_구간,29.1
2024-04-10,13,달구벌대로,달구벌대로_구간,33.0
2024-04-10,14,달구벌대로,달구벌대로_구간,32.8
2024-04-10,15,달구벌대로,달구벌대로_구간,28.5
2024-04-10,16,달구벌대로,달구벌대로_구간,26.7
2024-04-10,17,달구벌대로,달구벌대로_구간,16.3
2024-04-10,18,달구벌대로,달구벌대로_구간,22.6
2024-04-10,19,달구벌대로,달구벌대로_구간,27.9
2024-04-10,20,달구벌대로,달구벌대로_구간,33.7
2024-04-10,21,달구벌대로,달구벌대로_구간,36.8
2024-04-10,22,달구벌대로,달구벌대로_구간,43.2
2024-04-10,23,달구벌대로,달구벌대로_구간,42.7
2024-04-10,00,비슬로,비슬로_구간,47.2
2024-04-10,01,비슬로,비슬로_구간,46.4
2024-04-10,02,비슬로,비슬로_구간,47.0
2024-04-10,03,비슬로,비슬로_구간,45.7
2024-04-10,04,비슬로,비슬로_구간,44.7
2024-04-10,05,비슬로,비슬로_구간,42.8
2024-04-10,06,비슬로,비슬로_구간,41.9
2024-04-10,07,비슬로,비슬로_구간,27.3
2024-04-10,08,비슬로,비슬로_구간,21.1
2024-04-10,09,비슬로,비슬로_구간,28.5
2024-04-10,10,비슬로,비슬로_구간,35.1
2024-04-10,11,비슬로,비슬로_구간,38.0
2024-04-10,12,비슬로,비슬로_구간,32.8
2024-04-10,13,비슬로,비슬로_구간,33.5
2024-04-10,14,비슬로,비슬로_구간,34.5
2024-04-10,15,비슬로,비슬로_구간,35.2
2024-04-10,16,비슬로,비슬로_구간,31.3
2024-04-10,17,비슬로,비슬로_구간,23.0
2024-04-10,18,비슬로,비슬로_구간,23.8
2024-04-10,19,비슬로,비슬로_구간,32.4
2024-04-10,20,비슬로,비슬로_구간,38.2
2024-04-10,21,비슬로,비슬로_구간,42.4
2024-04-10,22,비슬로,비슬로_구간,46.6
2024-04-10,23,비슬로,비슬로_구간,47.4
2024-04-10,00,신천대로,신천대로_구간,49.2
2024-04-10,01,신천대로,신천대로_구간,47.1
2024-04-10,02,신천대로,신천대로_구간,46.5
2024-04-10,03,신천대로,신천대로_구간,46.1
2024-04-10,04,신천대로,신천대로_구간,41.4
2024-04-10,05,신천대로,신천대로_구간,41.4
2024-04-10,06,신천대로,신천대로_구간,37.2
2024-04-10,07,신천대로,신천대로_구간,26.9
2024-04-10,08,신천대로,신천대로_구간,21.5
2024-04-10,09,신천대로,신천대로_구간,32.7
2024-04-10,10,신천대로,신천대로_구간,32.4
2024-04-10,11,신천대로,신천대로_구간,37.7
2024-04-10,12,신천대로,신천대로_구간,30.0
2024-04-10,13,신천대로,신천대로_구간,34.4
2024-04-10,14,신천대로,신천대로_구간,36.3
2024-04-10,15,신천대로,신천대로_구간,35.1
2024-04-10,16,신천대로,신천대로_구간,31.3
2024-04-10,17,신천대로,신천대로_구간,23.4
2024-04-10,18,신천대로,신천대로_구간,24.4
2024-04-10,19,신천대로,신천대로_구간,31.2
2024-04-10,20,신천대로,신천대로_구간,39.5
2024-04-10,21,신천대로,신천대로_구간,41.7
2024-04-10,22,신천대로,신천대로_구간,42.7
2024-04-10,23,신천대로,신천대로_구간,45.0
2024-04-10,00,경북대로,경북대로_구간,46.3
2024-04-10,01,경북대로,경북대로_구간,47.9
2024-04-10,02,경북대로,경북대로_구간,46.3
2024-04-10,03,경북대로,경북대로_구간,46.2
2024-04-10,04,경북대로,경북대로_구간,43.2
2024-04-10,05,경북대로,경북대로_구간,42.3
2024-04-10,06,경북대로,경북대로_구간,39.1
2024-04-10,07,경북대로,경북대로_구간,27.4
2024-04-10,08,경북대로,경북대로_구간,22.8
2024-04-10,09,경북대로,경북대로_구간,28.8
2024-04-10,10,경북대로,경북대로_구간,33.3
2024-04-10,11,경북대로,경북대로_구간,35.3
2024-04-10,12,경북대로,경북대로_구간,30.8
2024-04-10,13,경북대로,경북대로_구간,35.9
2024-04-10,14,경북대로,경북대로_구간,35.2
2024-04-10,15,경북대로,경북대로_구간,34.0
2024-04-10,16,경북대로,경북대로_구간,30.9
2024-04-10,17,경북대로,경북대로_구간,22.8
2024-04-10,18,경북대로,경북대로_구간,26.2
2024-04-10,19,경북대로,경북대로_구간,31.8
2024-04-10,20,경북대로,경북대로_구간,37.2
2024-04-10,21,경북대로,경북대로_구간,41.9
2024-04-10,22,경북대로,경북대로_구간,42.0
2024-04-10,23,경북대로,경북대로_구간,44.4
2024-04-10,00,신천동로,신천동로_구간,45.6
2024-04-10,01,신천동로,신천동로_구간,45.2
2024-04-10,02,신천동로,신천동로_구간,46.7
2024-04-10,03,신천동로,신천동로_구간,43.4
2024-04-10,04,신천동로,신천동로_구간,43.3
2024-04-10,05,신천동로,신천동로_구간,44.3
2024-04-10,06,신천동로,신천동로_구간,37.4
2024-04-10,07,신천동로,신천동로_구간,29.3
2024-04-10,08,신천동로,신천동로_구간,20.3
2024-04-10,09,신천동로,신천동로_구간,29.6
2024-04-10,10,신천동로,신천동로_구간,32.3
2024-04-10,11,신천동로,신천동로_구간,35.4
2024-04-10,12,신천동로,신천동로_구간,34.5
2024-04-10,13,신천동로,신천동로_구간,31.9
2024-04-10,14,신천동로,신천동로_구간,36.8
2024-04-10,15,신천동로,신천동로_구간,34.4
2024-04-10,16,신천동로,신천동로_구간,28.9
2024-04-10,17,신천동로,신천동로_구간,19.4
2024-04-10,18,신천동로,신천동로_구간,25.1
2024-04-10,19,신천동로,신천동로_구간,31.0
2024-04-10,20,신천동로,신천동로_구간,38.4
2024-04-10,21,신천동로,신천동로_구간,42.0
2024-04-10,22,신천동로,신천동로_구간,47.9
2024-04-10,23,신천동로,신천동로_구간,46.6
2024-04-10,00,국채보상로,국채보상로_구간,42.2
2024-04-10,01,국채보상로,국채보상로_구간,43.3
2024-04-10,02,국채보상로,국채보상로_구간,42.4
2024-04-10,03,국채보상로,국채보상로_구간,43.4
2024-04-10,04,국채보상로,국채보상로_구간,41.5
2024-04-10,05,국채보상로,국채보상로_구간,38.6
2024-04-10,06,국채보상로,국채보상로_구간,36.6
2024-04-10,07,국채보상로,국채보상로_구간,21.9
2024-04-10,08,국채보상로,국채보상로_구간,16.8
2024-04-10,09,국채보상로,국채보상로_구간,24.3
2024-04-10,10,국채보상로,국채보상로_구간,29.3
2024-04-10,11,국채보상로,국채보상로_구간,29.5
2024-04-10,12,국채보상로,국채보상로_구간,30.1
2024-04-10,13,국채보상로,국채보상로_구간,30.6
2024-04-10,14,국채보상로,국채보상로_구간,29.4
2024-04-10,15,국채보상로,국채보상로_구간,28.2
2024-04-10,16,국채보상로,국채보상로_구간,26.6
2024-04-10,17,국채보상로,국채보상로_구간,19.5
2024-04-10,18,국채보상로,국채보상로_구간,24.6
2024-04-10,19,국채보상로,국채보상로_구간,33.2
2024-04-10,20,국채보상로,국채보상로_구간,34.7
2024-04-10,21,국채보상로,국채보상로_구간,36.2
2024-04-10,22,국채보상로,국채보상로_구간,37.2
2024-04-10,23,국채보상로,국채보상로_구간,43.5
2024-04-10,00,중앙고속도로,중앙고속도로_구간,52.5
2024-04-10,01,중앙고속도로,중앙고속도로_구간,52.3
2024-04-10,02,중앙고속도로,중앙고속도로_구간,50.9
2024-04-10,03,중앙고속도로,중앙고속도로_구간,50.7
2024-04-10,04,중앙고속도로,중앙고속도로_구간,51.9
2024-04-10,05,중앙고속도로,중앙고속도로_구간,48.3
2024-04-10,06,중앙고속도로,중앙고속도로_구간,43.7
2024-04-10,07,중앙고속도로,중앙고속도로_구간,32.1
2024-04-10,08,중앙고속도로,중앙고속도로_구간,25.0
2024-04-10,09,중앙고속도로,중앙고속도로_구간,35.1
2024-04-10,10,중앙고속도로,중앙고속도로_구간,39.9
2024-04-10,11,중앙고속도로,중앙고속도로_구간,45.2
2024-04-10,12,중앙고속도로,중앙고속도로_구간,39.2
2024-04-10,13,중앙고속도로,중앙고속도로_구간,42.8
2024-04-10,14,중앙고속도로,중앙고속도로_구간,41.1
2024-04-10,15,중앙고속도로,중앙고속도로_구간,37.9
2024-04-10,16,중앙고속도로,중앙고속도로_구간,34.3
2024-04-10,17,중앙고속도로,중앙고속도로_구간,26.7
2024-04-10,18,중앙고속도로,중앙고속도로_구간,34.8
2024-04-10,19,중앙고속도로,중앙고속도로_구간,36.5
2024-04-10,20,중앙고속도로,중앙고속도로_구간,45.5
2024-04-10,21,중앙고속도로,중앙고속도로_구간,46.4
2024-04-10,22,중앙고속도로,중앙고속도로_구간,52.7
2024-04-10,23,중앙고속도로,중앙고속도로_구간,53.7
2024-04-10,00,동부로,동부로_구간,47.7
2024-04-10,01,동부로,동부로_구간,46.9
2024-04-10,02,동부로,동부로_구간,44.8
2024-04-10,03,동부로,동부로_구간,45.8
2024-04-10,04,동부로,동부로_구간,43.2
2024-04-10,05,동부로,동부로_구간,39.8
2024-04-10,06,동부로,동부로_구간,35.7
2024-04-10,07,동부로,동부로_구간,28.3
2024-04-10,08,동부로,동부로_구간,24.8
2024-04-10,09,동부로,동부로_구간,30.3
2024-04-10,10,동부로,동부로_구간,33.8
2024-04-10,11,동부로,동부로_구간,36.5
2024-04-10,12,동부로,동부로_구간,35.4
2024-04-10,13,동부로,동부로_구간,35.4
2024-04-10,14,동부로,동부로_구간,35.3
2024-04-10,15,동부로,동부로_구간,36.0
2024-04-10,16,동부로,동부로_구간,30.8
2024-04-10,17,동부로,동부로_구간,24.8
2024-04-10,18,동부로,동부로_구간,25.3
2024-04-10,19,동부로,동부로_구간,29.8
2024-04-10,20,동부로,동부로_구간,35.5
2024-04-10,21,동부로,동부로_구간,45.0
2024-04-10,22,동부로,동부로_구간,48.1
2024-04-10,23,동부로,동부로_구간,46.7
2024-04-10,00,경부고속도로,경부고속도로_구간,53.3
2024-04-10,01,경부고속도로,경부고속도로_구간,55.6
2024-04-10,02,경부고속도로,경부고속도로_구간,50.0
2024-04-10,03,경부고속도로,경부고속도로_구간,49.4
2024-04-10,04,경부고속도로,경부고속도로_구간,51.2
2024-04-10,05,경부고속도로,경부고속도로_구간,47.3
2024-04-10,06,경부고속도로,경부고속도로_구간,44.0
2024-04-10,07,경부고속도로,경부고속도로_구간,33.7
2024-04-10,08,경부고속도로,경부고속도로_구간,28.6
2024-04-10,09,경부고속도로,경부고속도로_구간,38.5
2024-04-10,10,경부고속도로,경부고속도로_구간,40.2
2024-04-10,11,경부고속도로,경부고속도로_구간,43.2
2024-04-10,12,경부고속도로,경부고속도로_구간,35.3
2024-04-10,13,경부고속도로,경부고속도로_구간,40.9
2024-04-10,14,경부고속도로,경부고속도로_구간,40.5
2024-04-10,15,경부고속도로,경부고속도로_구간,37.8
2024-04-10,16,경부고속도로,경부고속도로_구간,34.4
2024-04-10,17,경부고속도로,경부고속도로_구간,27.4
2024-04-10,18,경부고속도로,경부고속도로_구간,32.6
2024-04-10,19,경부고속도로,경부고속도로_구간,35.6
2024-04-10,20,경부고속도로,경부고속도로_구간,44.1
2024-04-10,21,경부고속도로,경부고속도로_구간,47.1
2024-04-10,22,경부고속도로,경부고속도로_구간,50.4
2024-04-10,23,경부고속도로,경부고속도로_구간,54.8
2024-04-10,00,칠곡중앙대로,칠곡중앙대로_구간,45.0
2024-04-10,01,칠곡중앙대로,칠곡중앙대로_구간,45.4
2024-04-10,02,칠곡중앙대로,칠곡중앙대로_구간,41.7
2024-04-10,03,칠곡중앙대로,칠곡중앙대로_구간,39.7
2024-04-10,04,칠곡중앙대로,칠곡중앙대로_구간,39.6
2024-04-10,05,칠곡중앙대로,칠곡중앙대로_구간,38.4
2024-04-10,06,칠곡중앙대로,칠곡중앙대로_구간,34.3
2024-04-10,07,칠곡중앙대로,칠곡중앙대로_구간,22.0
2024-04-10,08,칠곡중앙대로,칠곡중앙대로_구간,18.2
2024-04-10,09,칠곡중앙대로,칠곡중앙대로_구간,26.4
2024-04-10,10,칠곡중앙대로,칠곡중앙대로_구간,34.5
2024-04-10,11,칠곡중앙대로,칠곡중앙대로_구간,35.4
2024-04-10,12,칠곡중앙대로,칠곡중앙대로_구간,27.5
2024-04-10,13,칠곡중앙대로,칠곡중앙대로_구간,30.5
2024-04-10,14,칠곡중앙대로,칠곡중앙대로_구간,29.4
2024-04-10,15,칠곡중앙대로,칠곡중앙대로_구간,28.9
2024-04-10,16,칠곡중앙대로,칠곡중앙대로_구간,26.6
2024-04-10,17,칠곡중앙대로,칠곡중앙대로_구간,20.2
2024-04-10,18,칠곡중앙대로,칠곡중앙대로_구간,19.7
2024-04-10,19,칠곡중앙대로,칠곡중앙대로_구간,26.8
2024-04-10,20,칠곡중앙대로,칠곡중앙대로_구간,30.1
2024-04-10,21,칠곡중앙대로,칠곡중앙대로_구간,37.7
2024-04-10,22,칠곡중앙대로,칠곡중앙대로_구간,39.1
2024-04-10,23,칠곡중앙대로,칠곡중앙대로_구간,42.0
2024-04-10,00,중부내륙고속도로지선,중부내륙고속도로지선_구간,52.4
2024-04-10,01,중부내륙고속도로지선,중부내륙고속도로지선_구간,52.8
2024-04-10,02,중부내륙고속도로지선,중부내륙고속도로지선_구간,48.8
2024-04-10,03,중부내륙고속도로지선,중부내륙고속도로지선_구간,48.4
2024-04-10,04,중부내륙고속도로지선,중부내륙고속도로지선_구간,53.8
2024-04-10,05,중부내륙고속도로지선,중부내륙고속도로지선_구간,45.7
2024-04-10,06,중부내륙고속도로지선,중부내륙고속도로지선_구간,42.0
2024-04-10,07,중부내륙고속도로지선,중부내륙고속도로지선_구간,37.3
2024-04-10,08,중부내륙고속도로지선,중부내륙고속도로지선_구간,33.2
2024-04-10,09,중부내륙고속도로지선,중부내륙고속도로지선_구간,33.9
2024-04-10,10,중부내륙고속도로지선,중부내륙고속도로지선_구간,39.3
2024-04-10,11,중부내륙고속도로지선,중부내륙고속도로지선_구간,42.6
2024-04-10,12,중부내륙고속도로지선,중부내륙고속도로지선_구간,42.1
2024-04-10,13,중부내륙고속도로지선,중부내륙고속도로지선_구간,39.2
2024-04-10,14,중부내륙고속도로지선,중부내륙고속도로지선_구간,41.6
2024-04-10,15,중부내륙고속도로지선,중부내륙고속도로지선_구간,41.4
2024-04-10,16,중부내륙고속도로지선,중부내륙고속도로지선_구간,36.8
2024-04-10,17,중부내륙고속도로지선,중부내륙고속도로지선_구간,27.3
2024-04-10,18,중부내륙고속도로지선,중부내륙고속도로지선_구간,30.8
2024-04-10,19,중부내륙고속도로지선,중부내륙고속도로지선_구간,35.5
2024-04-10,20,중부내륙고속도로지선,중부내륙고속도로지선_구간,43.6
2024-04-10,21,중부내륙고속도로지선,중부내륙고속도로지선_구간,47.5
2024-04-10,22,중부내륙고속도로지선,중부내륙고속도로지선_구간,51.4
2024-04-10,23,중부내륙고속도로지선,중부내륙고속도로지선_구간,52.0
2024-04-10,00,상주영천고속도로,상주영천고속도로_구간,54.8
2024-04-10,01,상주영천고속도로,상주영천고속도로_구간,54.8
2024-04-10,02,상주영천고속도로,상주영천고속도로_구간,52.3
2024-04-10,03,상주영천고속도로,상주영천고속도로_구간,51.6
2024-04-10,04,상주영천고속도로,상주영천고속도로_구간,50.1
2024-04-10,05,상주영천고속도로,상주영천고속도로_구간,48.0
2024-04-10,06,상주영천고속도로,상주영천고속도로_구간,42.7
2024-04-10,07,상주영천고속도로,상주영천고속도로_구간,34.6
2024-04-10,08,상주영천고속도로,상주영천고속도로_구간,27.8
2024-04-10,09,상주영천고속도로,상주영천고속도로_구간,39.8
2024-04-10,10,상주영천고속도로,상주영천고속도로_구간,42.8
2024-04-10,11,상주영천고속도로,상주영천고속도로_구간,42.7
2024-04-10,12,상주영천고속도로,상주영천고속도로_구간,37.6
2024-04-10,13,상주영천고속도로,상주영천고속도로_구간,39.0
2024-04-10,14,상주영천고속도로,상주영천고속도로_구간,44.1
2024-04-10,15,상주영천고속도로,상주영천고속도로_구간,40.5
2024-04-10,16,상주영천고속도로,상주영천고속도로_구간,36.9
2024-04-10,17,상주영천고속도로,상주영천고속도로_구간,24.9
2024-04-10,18,상주영천고속도로,상주영천고속도로_구간,32.7
2024-04-10,19,상주영천고속도로,상주영천고속도로_구간,38.8
2024-04-10,20,상주영천고속도로,상주영천고속도로_구간,42.0
2024-04-10,21,상주영천고속도로,상주영천고속도로_구간,47.2
2024-04-10,22,상주영천고속도로,상주영천고속도로_구간,51.5
2024-04-10,23,상주영천고속도로,상주영천고속도로_구간,53.1
2024-04-10,00,범안로,범안로_구간,47.5
2024-04-10,01,범안로,범안로_구간,46.8
2024-04-10,02,범안로,범안로_구간,45.5
2024-04-10,03,범안로,범안로_구간,45.3
2024-04-10,04,범안로,범안로_구간,46.6
2024-04-10,05,범안로,범안로_구간,37.4
2024-04-10,06,범안로,범안로_구간,37.6
2024-04-10,07,범안로,범안로_구간,28.3
2024-04-10,08,범안로,범안로_구간,22.5
2024-04-10,09,범안로,범안로_구간,29.3
2024-04-10,10,범안로,범안로_구간,30.8
2024-04-10,11,범안로,범안로_구간,36.6
2024-04-10,12,범안로,범안로_구간,36.1
2024-04-10,13,범안로,범안로_구간,32.2
2024-04-10,14,범안로,범안로_구간,37.6
2024-04-10,15,범안로,범안로_구간,33.4
2024-04-10,16,범안로,범안로_구간,29.9
2024-04-10,17,범안로,범안로_구간,20.1
2024-04-10,18,범안로,범안로_구간,24.4
2024-04-10,19,범안로,범안로_구간,34.3
2024-04-10,20,범안로,범안로_구간,39.0
2024-04-10,21,범안로,범안로_구간,45.1
2024-04-10,22,범안로,범안로_구간,47.1
2024-04-10,23,범안로,범안로_구간,47.8
2024-04-10,00,중앙대로,중앙대로_구간,47.1
2024-04-10,01,중앙대로,중앙대로_구간,43.8
2024-04-10,02,중앙대로,중앙대로_구간,43.5
2024-04-10,03,중앙대로,중앙대로_구간,40.5
2024-04-10,04,중앙대로,중앙대로_구간,40.1
2024-04-10,05,중앙대로,중앙대로_구간,36.7
2024-04-10,06,중앙대로,중앙대로_구간,35.8
2024-04-10,07,중앙대로,중앙대로_구간,21.9
2024-04-10,08,중앙대로,중앙대로_구간,19.4
2024-04-10,09,중앙대로,중앙대로_구간,25.7
2024-04-10,10,중앙대로,중앙대로_구간,32.1
2024-04-10,11,중앙대로,중앙대로_구간,33.4
2024-04-10,12,중앙대로,중앙대로_구간,32.3
2024-04-10,13,중앙대로,중앙대로_구간,32.3
2024-04-10,14,중앙대로,중앙대로_구간,29.2
2024-04-10,15,중앙대로,중앙대로_구간,29.9
2024-04-10,16,중앙대로,중앙대로_구간,23.9
2024-04-10,17,중앙대로,중앙대로_구간,17.1
2024-04-10,18,중앙대로,중앙대로_구간,23.7
2024-04-10,19,중앙대로,중앙대로_구간,29.1
2024-04-10,20,중앙대로,중앙대로_구간,32.7
2024-04-10,21,중앙대로,중앙대로_구간,36.2
2024-04-10,22,중앙대로,중앙대로_구간,41.1
2024-04-10,23,중앙대로,중앙대로_구간,40.8
2024-04-10,00,안심로,안심로_구간,46.8
2024-04-10,01,안심로,안심로_구간,47.6
2024-04-10,02,안심로,안심로_구간,48.1
2024-04-10,03,안심로,안심로_구간,46.1
2024-04-10,04,안심로,안심로_구간,39.9
2024-04-10,05,안심로,안심로_구간,42.5
2024-04-10,06,안심로,안심로_구간,38.1
2024-04-10,07,안심로,안심로_구간,28.7
2024-04-10,08,안심로,안심로_구간,24.9
2024-04-10,09,안심로,안심로_구간,26.3
2024-04-10,10,안심로,안심로_구간,32.9
2024-04-10,11,안심로,안심로_구간,37.1
2024-04-10,12,안심로,안심로_구간,30.2
2024-04-10,13,안심로,안심로_구간,37.7
2024-04-10,14,안심로,안심로_구간,36.7
2024-04-10,15,안심로,안심로_구간,35.5
2024-04-10,16,안심로,안심로_구간,29.0
2024-04-10,17,안심로,안심로_구간,23.5
2024-04-10,18,안심로,안심로_구간,26.9
2024-04-10,19,안심로,안심로_구간,32.4
2024-04-10,20,안심로,안심로_구간,38.4
2024-04-10,21,안심로,안심로_구간,42.5
2024-04-10,22,안심로,안심로_구간,43.4
2024-04-10,23,안심로,안심로_구간,46.7
2024-04-10,00,앞산순환로,앞산순환로_구간,47.7
2024-04-10,01,앞산순환로,앞산순환로_구간,47.7
2024-04-10,02,앞산순환로,앞산순환로_구간,47.8
2024-04-10,03,앞산순환로,앞산순환로_구간,43.1
2024-04-10,04,앞산순환로,앞산순환로_구간,43.8
2024-04-10,05,앞산순환로,앞산순환로_구간,44.7
2024-04-10,06,앞산순환로,앞산순환로_구간,36.7
2024-04-10,07,앞산순환로,앞산순환로_구간,26.5
2024-04-10,08,앞산순환로,앞산순환로_구간,22.4
2024-04-10,09,앞산순환로,앞산순환로_구간,31.5
2024-04-10,10,앞산순환로,앞산순환로_구간,34.0
2024-04-10,11,앞산순환로,앞산순환로_구간,38.4
2024-04-10,12,앞산순환로,앞산순환로_구간,34.5
2024-04-10,13,앞산순환로,앞산순환로_구간,36.5
2024-04-10,14,앞산순환로,앞산순환로_구간,37.0
2024-04-10,15,앞산순환로,앞산순환로_구간,38.2
2024-04-10,16,앞산순환로,앞산순환로_구간,29.6
2024-04-10,17,앞산순환로,앞산순환로_구간,18.4
2024-04-10,18,앞산순환로,앞산순환로_구간,27.9
2024-04-10,19,앞산순환로,앞산순환로_구간,31.2
2024-04-10,20,앞산순환로,앞산순환로_구간,38.2
2024-04-10,21,앞산순환로,앞산순환로_구간,44.4
2024-04-10,22,앞산순환로,앞산순환로_구간,42.1
2024-04-10,23,앞산순환로,앞산순환로_구간,44.7
2024-04-10,00,달서대로,달서대로_구간,45.1
2024-04-10,01,달서대로,달서대로_구간,45.6
2024-04-10,02,달서대로,달서대로_구간,46.8
2024-04-10,03,달서대로,달서대로_구간,45.9
2024-04-10,04,달서대로,달서대로_구간,44.5
2024-04-10,05,달서대로,달서대로_구간,39.5
2024-04-10,06,달서대로,달서대로_구간,33.8
2024-04-10,07,달서대로,달서대로_구간,28.1
2024-04-10,08,달서대로,달서대로_구간,21.2
2024-04-10,09,달서대로,달서대로_구간,30.8
2024-04-10,10,달서대로,달서대로_구간,35.3
2024-04-10,11,달서대로,달서대로_구간,36.2
2024-04-10,12,달서대로,달서대로_구간,34.4
2024-04-10,13,달서대로,달서대로_구간,35.4
2024-04-10,14,달서대로,달서대로_구간,37.0
2024-04-10,15,달서대로,달서대로_구간,32.7
2024-04-10,16,달서대로,달서대로_구간,29.7
2024-04-10,17,달서대로,달서대로_구간,22.4
2024-04-10,18,달서대로,달서대로_구간,26.5
2024-04-10,19,달서대로,달서대로_구간,31.3
2024-04-10,20,달서대로,달서대로_구간,38.9
2024-04-10,21,달서대로,달서대로_구간,41.5
2024-04-10,22,달서대로,달서대로_구간,44.8
2024-04-10,23,달서대로,달서대로_구간,48.5
2024-04-10,00,동북로,동북로_구간,44.4
2024-04-10,01,동북로,동북로_구간,44.7
2024-04-10,02,동북로,동북로_구간,43.3
2024-04-10,03,동북로,동북로_구간,40.8
2024-04-10,04,동북로,동북로_구간,42.8
2024-04-10,05,동북로,동북로_구간,43.3
2024-04-10,06,동북로,동북로_구간,37.5
2024-04-10,07,동북로,동북로_구간,28.4
2024-04-10,08,동북로,동북로_구간,24.0
2024-04-10,09,동북로,동북로_구간,32.4
2024-04-10,10,동북로,동북로_구간,33.9
2024-04-10,11,동북로,동북로_구간,38.4
2024-04-10,12,동북로,동북로_구간,33.2
2024-04-10,13,동북로,동북로_구간,33.5
2024-04-10,14,동북로,동북로_구간,34.9
2024-04-10,15,동북로,동북로_구간,31.3
2024-04-10,16,동북로,동북로_구간,28.4
2024-04-10,17,동북로,동북로_구간,21.4
2024-04-10,18,동북로,동북로_구간,26.4
2024-04-10,19,동북로,동북로_구간,35.1
2024-04-10,20,동북로,동북로_구간,35.5
2024-04-10,21,동북로,동북로_구간,42.7
2024-04-10,22,동북로,동북로_구간,43.1
2024-04-10,23,동북로,동북로_구간,47.9
2024-04-10,00,성서공단로,성서공단로_구간,47.8
2024-04-10,01,성서공단로,성서공단로_구간,43.7
2024-04-10,02,성서공단로,성서공단로_구간,47.7
2024-04-10,03,성서공단로,성서공단로_구간,43.9
2024-04-10,04,성서공단로,성서공단로_구간,43.0
2024-04-10,05,성서공단로,성서공단로_구간,40.1
2024-04-10,06,성서공단로,성서공단로_구간,36.8
2024-04-10,07,성서공단로,성서공단로_구간,28.8
2024-04-10,08,성서공단로,성서공단로_구간,21.7
2024-04-10,09,성서공단로,성서공단로_구간,30.6
2024-04-10,10,성서공단로,성서공단로_구간,34.7
2024-04-10,11,성서공단로,성서공단로_구간,38.4
2024-04-10,12,성서공단로,성서공단로_구간,32.4
2024-04-10,13,성서공단로,성서공단로_구간,32.3
2024-04-10,14,성서공단로,성서공단로_구간,37.9
2024-04-10,15,성서공단로,성서공단로_구간,33.4
2024-04-10,16,성서공단로,성서공단로_구간,32.0
2024-04-10,17,성서공단로,성서공단로_구간,22.7
2024-04-10,18,성서공단로,성서공단로_구간,24.8
2024-04-10,19,성서공단로,성서공단로_구간,32.6
2024-04-10,20,성서공단로,성서공단로_구간,41.5
2024-04-10,21,성서공단로,성서공단로_구간,45.7
2024-04-10,22,성서공단로,성서공단로_구간,45.1
2024-04-10,23,성서공단로,성서공단로_구간,47.3
2024-04-10,00,호국로,호국로_구간,49.9
2024-04-10,01,호국로,호국로_구간,45.5
2024-04-10,02,호국로,호국로_구간,46.6
2024-04-10,03,호국로,호국로_구간,45.0
2024-04-10,04,호국로,호국로_구간,44.6
2024-04-10,05,호국로,호국로_구간,40.5
2024-04-10,06,호국로,호국로_구간,35.1
2024-04-10,07,호국로,호국로_구간,24.3
2024-04-10,08,호국로,호국로_구간,20.0
2024-04-10,09,호국로,호국로_구간,29.2
2024-04-10,10,호국로,호국로_구간,33.5
2024-04-10,11,호국로,호국로_구간,39.5
2024-04-10,12,호국로,호국로_구간,35.0
2024-04-10,13,호국로,호국로_구간,33.3
2024-04-10,14,호국로,호국로_구간,36.6
2024-04-10,15,호국로,호국로_구간,33.3
2024-04-10,16,호국로,호국로_구간,29.5
2024-04-10,17,호국로,호국로_구간,22.3
2024-04-10,18,호국로,호국로_구간,26.1
2024-04-10,19,호국로,호국로_구간,31.4
2024-04-10,20,호국로,호국로_구간,39.9
2024-04-10,21,호국로,호국로_구간,39.9
2024-04-10,22,호국로,호국로_구간,45.0
2024-04-10,23,호국로,호국로_구간,51.7
2024-04-10,00,화랑로,화랑로_구간,48.4
2024-04-10,01,화랑로,화랑로_구간,49.6
2024-04-10,02,화랑로,화랑로_구간,46.2
2024-04-10,03,화랑로,화랑로_구간,46.0
2024-04-10,04,화랑로,화랑로_구간,43.9
2024-04-10,05,화랑로,화랑로_구간,41.7
2024-04-10,06,화랑로,화랑로_구간,36.6
2024-04-10,07,화랑로,화랑로_구간,28.8
2024-04-10,08,화랑로,화랑로_구간,20.5
2024-04-10,09,화랑로,화랑로_구간,31.2
2024-04-10,10,화랑로,화랑로_구간,36.0
2024-04-10,11,화랑로,화랑로_구간,36.7
2024-04-10,12,화랑로,화랑로_구간,32.5
2024-04-10,13,화랑로,화랑로_구간,35.8
2024-04-10,14,화랑로,화랑로_구간,35.4
2024-04-10,15,화랑로,화랑로_구간,35.7
2024-04-10,16,화랑로,화랑로_구간,26.7
2024-04-10,17,화랑로,화랑로_구간,21.4
2024-04-10,18,화랑로,화랑로_구간,21.4
2024-04-10,19,화랑로,화랑로_구간,29.3
2024-04-10,20,화랑로,화랑로_구간,40.5
2024-04-10,21,화랑로,화랑로_구간,43.6
2024-04-10,22,화랑로,화랑로_구간,43.7
2024-04-10,23,화랑로,화랑로_구간,44.3
2024-04-10,00,동대구로,동대구로_구간,38.7
2024-04-10,01,동대구로,동대구로_구간,42.0
2024-04-10,02,동대구로,동대구로_구간,46.4
2024-04-10,03,동대구로,동대구로_구간,41.8
2024-04-10,04,동대구로,동대구로_구간,39.0
2024-04-10,05,동대구로,동대구로_구간,38.8
2024-04-10,06,동대구로,동대구로_구간,31.2
2024-04-10,07,동대구로,동대구로_구간,23.5
2024-04-10,08,동대구로,동대구로_구간,18.2
2024-04-10,09,동대구로,동대구로_구간,25.8
2024-04-10,10,동대구로,동대구로_구간,31.4
2024-04-10,11,동대구로,동대구로_구간,32.6
2024-04-10,12,동대구로,동대구로_구간,30.2
2024-04-10,13,동대구로,동대구로_구간,29.8
2024-04-10,14,동대구로,동대구로_구간,33.6
2024-04-10,15,동대구로,동대구로_구간,32.9
2024-04-10,16,동대구로,동대구로_구간,24.3
2024-04-10,17,동대구로,동대구로_구간,16.4
2024-04-10,18,동대구로,동대구로_구간,23.4
2024-04-10,19,동대구로,동대구로_구간,27.7
2024-04-10,20,동대구로,동대구로_구간,36.5
2024-04-10,21,동대구로,동대구로_구간,37.2
2024-04-10,22,동대구로,동대구로_구간,43.6
2024-04-10,23,동대구로,동대구로_구간,43.2
2024-04-10,00,명덕로,명덕로_구간,44.5
2024-04-10,01,명덕로,명덕로_구간,45.8
2024-04-10,02,명덕로,명덕로_구간,41.3
2024-04-10,03,명덕로,명덕로_구간,39.3
2024-04-10,04,명덕로,명덕로_구간,39.2
2024-04-10,05,명덕로,명덕로_구간,38.8
2024-04-10,06,명덕로,명덕로_구간,31.2
2024-04-10,07,명덕로,명덕로_구간,25.1
2024-04-10,08,명덕로,명덕로_구간,17.0
2024-04-10,09,명덕로,명덕로_구간,28.1
2024-04-10,10,명덕로,명덕로_구간,25.7
2024-04-10,11,명덕로,명덕로_구간,30.6
2024-04-10,12,명덕로,명덕로_구간,26.0
2024-04-10,13,명덕로,명덕로_구간,29.5
2024-04-10,14,명덕로,명덕로_구간,32.4
2024-04-10,15,명덕로,명덕로_구간,29.7
2024-04-10,16,명덕로,명덕로_구간,25.5
2024-04-10,17,명덕로,명덕로_구간,17.7
2024-04-10,18,명덕로,명덕로_구간,21.4
2024-04-10,19,명덕로,명덕로_구간,26.2
2024-04-10,20,명덕로,명덕로_구간,35.3
2024-04-10,21,명덕로,명덕로_구간,39.2
2024-04-10,22,명덕로,명덕로_구간,41.7
2024-04-10,23,명덕로,명덕로_구간,44.0
2024-04-10,00,한티로,한티로_구간,48.5
2024-04-10,01,한티로,한티로_구간,50.7
2024-04-10,02,한티로,한티로_구간,45.8
2024-04-10,03,한티로,한티로_구간,44.4
2024-04-10,04,한티로,한티로_구간,42.6
2024-04-10,05,한티로,한티로_구간,40.1
2024-04-10,06,한티로,한티로_구간,35.8
2024-04-10,07,한티로,한티로_구간,26.4
2024-04-10,08,한티로,한티로_구간,21.9
2024-04-10,09,한티로,한티로_구간,30.6
2024-04-10,10,한티로,한티로_구간,34.1
2024-04-10,11,한티로,한티로_구간,34.6
2024-04-10,12,한티로,한티로_구간,34.6
2024-04-10,13,한티로,한티로_구간,36.3
2024-04-10,14,한티로,한티로_구간,35.7
2024-04-10,15,한티로,한티로_구간,32.8
2024-04-10,16,한티로,한티로_구간,31.0
2024-04-10,17,한티로,한티로_구간,22.3
2024-04-10,18,한티로,한티로_구간,22.4
2024-04-10,19,한티로,한티로_구간,31.9
2024-04-10,20,한티로,한티로_구간,38.5
2024-04-10,21,한티로,한티로_구간,40.4
2024-04-10,22,한티로,한티로_구간,45.3
2024-04-10,23,한티로,한티로_구간,44.4
2024-04-10,00,대경로,대경로_구간,50.4
2024-04-10,01,대경로,대경로_구간,49.2
2024-04-10,02,대경로,대경로_구간,45.5
2024-04-10,03,대경로,대경로_구간,45.7
2024-04-10,04,대경로,대경로_구간,39.7
2024-04-10,05,대경로,대경로_구간,39.9
2024-04-10,06,대경로,대경로_구간,37.5
2024-04-10,07,대경로,대경로_구간,26.1
2024-04-10,08,대경로,대경로_구간,23.3
2024-04-10,09,대경로,대경로_구간,33.6
2024-04-10,10,대경로,대경로_구간,31.9
2024-04-10,11,대경로,대경로_구간,34.5
2024-04-10,12,대경로,대경로_구간,33.4
2024-04-10,13,대경로,대경로_구간,37.9
2024-04-10,14,대경로,대경로_구간,33.8
2024-04-10,15,대경로,대경로_구간,34.4
2024-04-10,16,대경로,대경로_구간,33.3
2024-04-10,17,대경로,대경로_구간,19.0
2024-04-10,18,대경로,대경로_구간,22.7
2024-04-10,19,대경로,대경로_구간,31.2
2024-04-10,20,대경로,대경로_구간,37.1
2024-04-10,21,대경로,대경로_구간,43.5
2024-04-10,22,대경로,대경로_구간,45.4
2024-04-10,23,대경로,대경로_구간,43.8
2024-04-10,00,학정로,학정로_구간,48.9
2024-04-10,01,학정로,학정로_구간,46.0
2024-04-10,02,학정로,학정로_구간,48.3
2024-04-10,03,학정로,학정로_구간,43.9
2024-04-10,04,학정로,학정로_구간,42.9
2024-04-10,05,학정로,학정로_구간,43.0
2024-04-10,06,학정로,학정로_구간,39.4
2024-04-10,07,학정로,학정로_구간,28.8
2024-04-10,08,학정로,학정로_구간,19.0
2024-04-10,09,학정로,학정로_구간,31.0
2024-04-10,10,학정로,학정로_구간,32.1
2024-04-10,11,학정로,학정로_구간,36.4
2024-04-10,12,학정로,학정로_구간,30.4
2024-04-10,13,학정로,학정로_구간,35.8
2024-04-10,14,학정로,학정로_구간,34.5
2024-04-10,15,학정로,학정로_구간,31.7
2024-04-10,16,학정로,학정로_구간,31.3
2024-04-10,17,학정로,학정로_구간,22.4
2024-04-10,18,학정로,학정로_구간,23.9
2024-04-10,19,학정로,학정로_구간,34.6
2024-04-10,20,학정로,학정로_구간,37.2
2024-04-10,21,학정로,학정로_구간,42.1
2024-04-10,22,학정로,학정로_구간,45.5
2024-04-10,23,학정로,학정로_구간,45.9
2024-04-10,00,구암로,구암로_구간,48.8
2024-04-10,01,구암로,구암로_구간,46.0
2024-04-10,02,구암로,구암로_구간,45.3
2024-04-10,03,구암로,구암로_구간,47.5
2024-04-10,04,구암로,구암로_구간,42.1
2024-04-10,05,구암로,구암로_구간,37.7
2024-04-10,06,구암로,구암로_구간,40.9
2024-04-10,07,구암로,구암로_구간,32.6
2024-04-10,08,구암로,구암로_구간,21.3
2024-04-10,09,구암로,구암로_구간,26.5
2024-04-10,10,구암로,구암로_구간,33.4
2024-04-10,11,구암로,구암로_구간,35.5
2024-04-10,12,구암로,구암로_구간,32.7
2024-04-10,13,구암로,구암로_구간,33.0
2024-04-10,14,구암로,구암로_구간,37.0
2024-04-10,15,구암로,구암로_구간,34.9
2024-04-10,16,구암로,구암로_구간,27.3
2024-04-10,17,구암로,구암로_구간,23.3
2024-04-10,18,구암로,구암로_구간,28.7
2024-04-10,19,구암로,구암로_구간,32.3
2024-04-10,20,구암로,구암로_구간,37.4
2024-04-10,21,구암로,구암로_구간,41.7
2024-04-10,22,구암로,구암로_구간,46.1
2024-04-10,23,구암로,구암로_구간,43.9
2024-04-10,00,상화로,상화로_구간,48.3
2024-04-10,01,상화로,상화로_구간,46.3
2024-04-10,02,상화로,상화로_구간,49.3
2024-04-10,03,상화로,상화로_구간,44.7
2024-04-10,04,상화로,상화로_구간,47.0
2024-04-10,05,상화로,상화로_구간,40.0
2024-04-10,06,상화로,상화로_구간,39.1
2024-04-10,07,상화로,상화로_구간,28.6
2024-04-10,08,상화로,상화로_구간,20.4
2024-04-10,09,상화로,상화로_구간,30.3
2024-04-10,10,상화로,상화로_구간,36.2
2024-04-10,11,상화로,상화로_구간,35.4
2024-04-10,12,상화로,상화로_구간,30.0
2024-04-10,13,상화로,상화로_구간,35.0
2024-04-10,14,상화로,상화로_구간,34.4
2024-04-10,15,상화로,상화로_구간,33.4
2024-04-10,16,상화로,상화로_구간,29.9
2024-04-10,17,상화로,상화로_구간,18.9
2024-04-10,18,상화로,상화로_구간,22.1
2024-04-10,19,상화로,상화로_구간,32.9
2024-04-10,20,상화로,상화로_구간,37.1
2024-04-10,21,상화로,상화로_구간,37.4
2024-04-10,22,상화로,상화로_구간,46.4
2024-04-10,23,상화로,상화로_구간,47.5
2024-04-10,00,청수로,청수로_구간,46.7
2024-04-10,01,청수로,청수로_구간,44.6
2024-04-10,02,청수로,청수로_구간,47.5
2024-04-10,03,청수로,청수로_구간,45.6
2024-04-10,04,청수로,청수로_구간,48.3
2024-04-10,05,청수로,청수로_구간,42.8
2024-04-10,06,청수로,청수로_구간,38.7
2024-04-10,07,청수로,청수로_구간,27.7
2024-04-10,08,청수로,청수로_구간,23.5
2024-04-10,09,청수로,청수로_구간,31.1
2024-04-10,10,청수로,청수로_구간,36.3
2024-04-10,11,청수로,청수로_구간,35.1
2024-04-10,12,청수로,청수로_구간,32.2
2024-04-10,13,청수로,청수로_구간,34.1
2024-04-10,14,청수로,청수로_구간,37.4
2024-04-10,15,청수로,청수로_구간,36.7
2024-04-10,16,청수로,청수로_구간,29.2
2024-04-10,17,청수로,청수로_구간,21.2
2024-04-10,18,청수로,청수로_구간,25.6
2024-04-10,19,청수로,청수로_구간,31.6
2024-04-10,20,청수로,청수로_구간,39.7
2024-04-10,21,청수로,청수로_구간,37.9
2024-04-10,22,청수로,청수로_구간,43.5
2024-04-10,23,청수로,청수로_구간,45.6
2024-04-10,00,반야월로,반야월로_구간,43.8
2024-04-10,01,반야월로,반야월로_구간,45.3
2024-04-10,02,반야월로,반야월로_구간,44.4
2024-04-10,03,반야월로,반야월로_구간,44.6
2024-04-10,04,반야월로,반야월로_구간,46.0
2024-04-10,05,반야월로,반야월로_구간,41.6
2024-04-10,06,반야월로,반야월로_구간,36.1
2024-04-10,07,반야월로,반야월로_구간,27.9
2024-04-10,08,반야월로,반야월로_구간,23.9
2024-04-10,09,반야월로,반야월로_구간,28.2
2024-04-10,10,반야월로,반야월로_구간,32.4
2024-04-10,11,반야월로,반야월로_구간,37.0
2024-04-10,12,반야월로,반야월로_구간,32.6
2024-04-10,13,반야월로,반야월로_구간,36.2
2024-04-10,14,반야월로,반야월로_구간,36.0
2024-04-10,15,반야월로,반야월로_구간,35.3
2024-04-10,16,반야월로,반야월로_구간,28.1
2024-04-10,17,반야월로,반야월로_구간,22.0
2024-04-10,18,반야월로,반야월로_구간,24.6
2024-04-10,19,반야월로,반야월로_구간,29.8
2024-04-10,20,반야월로,반야월로_구간,35.2
2024-04-10,21,반야월로,반야월로_구간,43.2
2024-04-10,22,반야월로,반야월로_구간,44.4
2024-04-10,23,반야월로,반야월로_구간,45.2
2024-04-10,00,성서로,성서로_구간,47.8
2024-04-10,01,성서로,성서로_구간,49.0
2024-04-10,02,성서로,성서로_구간,41.9
2024-04-10,03,성서로,성서로_구간,42.3
2024-04-10,04,성서로,성서로_구간,42.3
2024-04-10,05,성서로,성서로_구간,44.6
2024-04-10,06,성서로,성서로_구간,38.5
2024-04-10,07,성서로,성서로_구간,29.4
2024-04-10,08,성서로,성서로_구간,19.9
2024-04-10,09,성서로,성서로_구간,28.0
2024-04-10,10,성서로,성서로_구간,34.8
2024-04-10,11,성서로,성서로_구간,36.1
2024-04-10,12,성서로,성서로_구간,34.0
2024-04-10,13,성서로,성서로_구간,34.7
2024-04-10,14,성서로,성서로_구간,36.5
2024-04-10,15,성서로,성서로_구간,34.3
2024-04-10,16,성서로,성서로_구간,31.4
2024-04-10,17,성서로,성서로_구간,23.5
2024-04-10,18,성서로,성서로_구간,22.1
2024-04-10,19,성서로,성서로_구간,28.0
2024-04-10,20,성서로,성서로_구간,39.8
2024-04-10,21,성서로,성서로_구간,44.1
2024-04-10,22,성서로,성서로_구간,43.2
2024-04-10,23,성서로,성서로_구간,43.7
2024-04-10,00,평리로,평리로_구간,48.2
2024-04-10,01,평리로,평리로_구간,48.7
2024-04-10,02,평리로,평리로_구간,49.2
2024-04-10,03,평리로,평리로_구간,45.9
2024-04-10,04,평리로,평리로_구간,43.3
2024-04-10,05,평리로,평리로_구간,40.4
2024-04-10,06,평리로,평리로_구간,38.0
2024-04-10,07,평리로,평리로_구간,27.5
2024-04-10,08,평리로,평리로_구간,20.2
2024-04-10,09,평리로,평리로_구간,33.7
2024-04-10,10,평리로,평리로_구간,37.2
2024-04-10,11,평리로,평리로_구간,38.0
2024-04-10,12,평리로,평리로_구간,31.3
2024-04-10,13,평리로,평리로_구간,36.5
2024-04-10,14,평리로,평리로_구간,37.2
2024-04-10,15,평리로,평리로_구간,34.8
2024-04-10,16,평리로,평리로_구간,32.2
2024-04-10,17,평리로,평리로_구간,23.1
2024-04-10,18,평리로,평리로_구간,26.3
2024-04-10,19,평리로,평리로_구간,33.1
2024-04-10,20,평리로,평리로_구간,38.6
2024-04-10,21,평리로,평리로_구간,38.8
2024-04-10,22,평리로,평리로_구간,45.2
2024-04-10,23,평리로,평리로_구간,46.0
2024-04-10,00,선원로,선원로_구간,45.7
2024-04-10,01,선원로,선원로_구간,50.0
2024-04-10,02,선원로,선원로_구간,49.1
2024-04-10,03,선원로,선원로_구간,47.4
2024-04-10,04,선원로,선원로_구간,44.5
2024-04-10,05,선원로,선원로_구간,44.4
2024-04-10,06,선원로,선원로_구간,38.0
2024-04-10,07,선원로,선원로_구간,28.4
2024-04-10,08,선원로,선원로_구간,20.0
2024-04-10,09,선원로,선원로_구간,30.7
2024-04-10,10,선원로,선원로_구간,34.1
2024-04-10,11,선원로,선원로_구간,33.7
2024-04-10,12,선원로,선원로_구간,32.9
2024-04-10,13,선원로,선원로_구간,34.9
2024-04-10,14,선원로,선원로_구간,39.2
2024-04-10,15,선원로,선원로_구간,35.6
2024-04-10,16,선원로,선원로_구간,30.0
2024-04-10,17,선원로,선원로_구간,22.4
2024-04-10,18,선원로,선원로_구간,25.1
2024-04-10,19,선원로,선원로_구간,31.6
2024-04-10,20,선원로,선원로_구간,36.1
2024-04-10,21,선원로,선원로_구간,41.7
2024-04-10,22,선원로,선원로_구간,43.7
2024-04-10,23,선원로,선원로_구간,44.7
2024-04-10,00,테크노폴리스로,테크노폴리스로_구간,48.9
2024-04-10,01,테크노폴리스로,테크노폴리스로_구간,47.7
2024-04-10,02,테크노폴리스로,테크노폴리스로_구간,42.8
2024-04-10,03,테크노폴리스로,테크노폴리스로_구간,44.8
2024-04-10,04,테크노폴리스로,테크노폴리스로_구간,45.8
2024-04-10,05,테크노폴리스로,테크노폴리스로_구간,43.9
2024-04-10,06,테크노폴리스로,테크노폴리스로_구간,39.8
2024-04-10,07,테크노폴리스로,테크노폴리스로_구간,28.1
2024-04-10,08,테크노폴리스로,테크노폴리스로_구간,20.5
2024-04-10,09,테크노폴리스로,테크노폴리스로_구간,28.0
2024-04-10,10,테크노폴리스로,테크노폴리스로_구간,34.6
2024-04-10,11,테크노폴리스로,테크노폴리스로_구간,36.7
2024-04-10,12,테크노폴리스로,테크노폴리스로_구간,35.3
2024-04-10,13,테크노폴리스로,테크노폴리스로_구간,37.0
2024-04-10,14,테크노폴리스로,테크노폴리스로_구간,35.8
2024-04-10,15,테크노폴리스로,테크노폴리스로_구간,31.8
2024-04-10,16,테크노폴리스로,테크노폴리스로_구간,29.4
2024-04-10,17,테크노폴리스로,테크노폴리스로_구간,22.4
2024-04-10,18,테크노폴리스로,테크노폴리스로_구간,24.6
2024-04-10,19,테크노폴리스로,테크노폴리스로_구간,31.0
2024-04-10,20,테크노폴리스로,테크노폴리스로_구간,38.5
2024-04-10,21,테크노폴리스로,테크노폴리스로_구간,41.1
2024-04-10,22,테크노폴리스로,테크노폴리스로_구간,43.9
2024-04-10,23,테크노폴리스로,테크노폴리스로_구간,47.6
2024-04-10,00,도군로,도군로_구간,47.3
2024-04-10,01,도군로,도군로_구간,47.4
2024-04-10,02,도군로,도군로_구간,46.5
2024-04-10,03,도군로,도군로_구간,42.9
2024-04-10,04,도군로,도군로_구간,43.1
2024-04-10,05,도군로,도군로_구간,44.6
2024-04-10,06,도군로,도군로_구간,35.9
2024-04-10,07,도군로,도군로_구간,24.2
2024-04-10,08,도군로,도군로_구간,18.6
2024-04-10,09,도군로,도군로_구간,30.1
2024-04-10,10,도군로,도군로_구간,34.1
2024-04-10,11,도군로,도군로_구간,35.8
2024-04-10,12,도군로,도군로_구간,35.2
2024-04-10,13,도군로,도군로_구간,30.2
2024-04-10,14,도군로,도군로_구간,36.7
2024-04-10,15,도군로,도군로_구간,36.8
2024-04-10,16,도군로,도군로_구간,28.0
2024-04-10,17,도군로,도군로_구간,21.3
2024-04-10,18,도군로,도군로_구간,23.6
2024-04-10,19,도군로,도군로_구간,30.4
2024-04-10,20,도군로,도군로_구간,37.4
2024-04-10,21,도군로,도군로_구간,44.6
2024-04-10,22,도군로,도군로_구간,48.3
2024-04-10,23,도군로,도군로_구간,46.4
2024-04-10,00,이시아강변로,이시아강변로_구간,51.4
2024-04-10,01,이시아강변로,이시아강변로_구간,47.1
2024-04-10,02,이시아강변로,이시아강변로_구간,49.2
2024-04-10,03,이시아강변로,이시아강변로_구간,44.8
2024-04-10,04,이시아강변로,이시아강변로_구간,44.2
2024-04-10,05,이시아강변로,이시아강변로_구간,42.7
2024-04-10,06,이시아강변로,이시아강변로_구간,43.7
2024-04-10,07,이시아강변로,이시아강변로_구간,29.5
2024-04-10,08,이시아강변로,이시아강변로_구간,20.7
2024-04-10,09,이시아강변로,이시아강변로_구간,31.7
2024-04-10,10,이시아강변로,이시아강변로_구간,33.3
2024-04-10,11,이시아강변로,이시아강변로_구간,35.1
2024-04-10,12,이시아강변로,이시아강변로_구간,34.6
2024-04-10,13,이시아강변로,이시아강변로_구간,35.1
2024-04-10,14,이시아강변로,이시아강변로_구간,36.5
2024-04-10,15,이시아강변로,이시아강변로_구간,34.0
2024-04-10,16,이시아강변로,이시아강변로_구간,30.6
2024-04-10,17,이시아강변로,이시아강변로_구간,22.8
2024-04-10,18,이시아강변로,이시아강변로_구간,21.5
2024-04-10,19,이시아강변로,이시아강변로_구간,33.2
2024-04-10,20,이시아강변로,이시아강변로_구간,36.2
2024-04-10,21,이시아강변로,이시아강변로_구간,39.4
2024-04-10,22,이시아강변로,이시아강변로_구간,44.9
2024-04-10,23,이시아강변로,이시아강변로_구간,47.2
2024-04-10,00,당산로,당산로_구간,46.8
2024-04-10,01,당산로,당산로_구간,48.5
2024-04-10,02,당산로,당산로_구간,43.6
2024-04-10,03,당산로,당산로_구간,44.3
2024-04-10,04,당산로,당산로_구간,42.9
2024-04-10,05,당산로,당산로_구간,41.9
2024-04-10,06,당산로,당산로_구간,38.5
2024-04-10,07,당산로,당산로_구간,26.2
2024-04-10,08,당산로,당산로_구간,23.3
2024-04-10,09,당산로,당산로_구간,30.1
2024-04-10,10,당산로,당산로_구간,30.6
2024-04-10,11,당산로,당산로_구간,32.5
2024-04-10,12,당산로,당산로_구간,33.0
2024-04-10,13,당산로,당산로_구간,34.6
2024-04-10,14,당산로,당산로_구간,35.8
2024-04-10,15,당산로,당산로_구간,33.9
2024-04-10,16,당산로,당산로_구간,30.4
2024-04-10,17,당산로,당산로_구간,23.7
2024-04-10,18,당산로,당산로_구간,23.0
2024-04-10,19,당산로,당산로_구간,29.9
2024-04-10,20,당산로,당산로_구간,36.0
2024-04-10,21,당산로,당산로_구간,42.5
2024-04-10,22,당산로,당산로_구간,47.2
2024-04-10,23,당산로,당산로_구간,46.2
2024-04-10,00,매천로,매천로_구간,43.5
2024-04-10,01,매천로,매천로_구간,43.9
2024-04-10,02,매천로,매천로_구간,44.5
2024-04-10,03,매천로,매천로_구간,44.0
2024-04-10,04,매천로,매천로_구간,43.3
2024-04-10,05,매천로,매천로_구간,42.1
2024-04-10,06,매천로,매천로_구간,37.4
2024-04-10,07,매천로,매천로_구간,29.9
2024-04-10,08,매천로,매천로_구간,20.8
2024-04-10,09,매천로,매천로_구간,28.4
2024-04-10,10,매천로,매천로_구간,34.9
2024-04-10,11,매천로,매천로_구간,33.2
2024-04-10,12,매천로,매천로_구간,33.7
2024-04-10,13,매천로,매천로_구간,35.2
2024-04-10,14,매천로,매천로_구간,35.7
2024-04-10,15,매천로,매천로_구간,36.9
2024-04-10,16,매천로,매천로_구간,28.9
2024-04-10,17,매천로,매천로_구간,25.7
2024-04-10,18,매천로,매천로_구간,24.6
2024-04-10,19,매천로,매천로_구간,29.7
2024-04-10,20,매천로,매천로_구간,38.1
2024-04-10,21,매천로,매천로_구간,40.1
2024-04-10,22,매천로,매천로_구간,43.6
2024-04-10,23,매천로,매천로_구간,47.7
2024-04-10,00,월배로,월배로_구간,49.0
2024-04-10,01,월배로,월배로_구간,45.9
2024-04-10,02,월배로,월배로_구간,47.8
2024-04-10,03,월배로,월배로_구간,47.1
2024-04-10,04,월배로,월배로_구간,46.6
2024-04-10,05,월배로,월배로_구간,43.0
2024-04-10,06,월배로,월배로_구간,40.5
2024-04-10,07,월배로,월배로_구간,24.6
2024-04-10,08,월배로,월배로_구간,21.4
2024-04-10,09,월배로,월배로_구간,28.4
2024-04-10,10,월배로,월배로_구간,34.2
2024-04-10,11,월배로,월배로_구간,35.0
2024-04-10,12,월배로,월배로_구간,32.7
2024-04-10,13,월배로,월배로_구간,38.4
2024-04-10,14,월배로,월배로_구간,35.7
2024-04-10,15,월배로,월배로_구간,34.7
2024-04-10,16,월배로,월배로_구간,29.6
2024-04-10,17,월배로,월배로_구간,22.1
2024-04-10,18,월배로,월배로_구간,25.0
2024-04-10,19,월배로,월배로_구간,32.8
2024-04-10,20,월배로,월배로_구간,40.1
2024-04-10,21,월배로,월배로_구간,45.0
2024-04-10,22,월배로,월배로_구간,45.6
2024-04-10,23,월배로,월배로_구간,48.1
2024-04-10,00,성서동로,성서동로_구간,45.9
2024-04-10,01,성서동로,성서동로_구간,46.8
2024-04-10,02,성서동로,성서동로_구간,47.7
2024-04-10,03,성서동로,성서동로_구간,46.6
2024-04-10,04,성서동로,성서동로_구간,44.4
2024-04-10,05,성서동로,성서동로_구간,43.6
2024-04-10,06,성서동로,성서동로_구간,38.9
2024-04-10,07,성서동로,성서동로_구간,30.2
2024-04-10,08,성서동로,성서동로_구간,22.5
2024-04-10,09,성서동로,성서동로_구간,29.4
2024-04-10,10,성서동로,성서동로_구간,34.6
2024-04-10,11,성서동로,성서동로_구간,30.7
2024-04-10,12,성서동로,성서동로_구간,33.7
2024-04-10,13,성서동로,성서동로_구간,28.4
2024-04-10,14,성서동로,성서동로_구간,32.9
2024-04-10,15,성서동로,성서동로_구간,34.8
2024-04-10,16,성서동로,성서동로_구간,30.9
2024-04-10,17,성서동로,성서동로_구간,19.9
2024-04-10,18,성서동로,성서동로_구간,23.7
2024-04-10,19,성서동로,성서동로_구간,34.5
2024-04-10,20,성서동로,성서동로_구간,37.1
2024-04-10,21,성서동로,성서동로_구간,46.0
2024-04-10,22,성서동로,성서동로_구간,45.0
2024-04-10,23,성서동로,성서동로_구간,47.7
2024-04-10,00,성서공단북로,성서공단북로_구간,50.9
2024-04-10,01,성서공단북로,성서공단북로_구간,47.2
2024-04-10,02,성서공단북로,성서공단북로_구간,44.2
2024-04-10,03,성서공단북로,성서공단북로_구간,44.8
2024-04-10,04,성서공단북로,성서공단북로_구간,43.9
2024-04-10,05,성서공단북로,성서공단북로_구간,39.5
2024-04-10,06,성서공단북로,성서공단북로_구간,37.5
2024-04-10,07,성서공단북로,성서공단북로_구간,26.7
2024-04-10,08,성서공단북로,성서공단북로_구간,23.7
2024-04-10,09,성서공단북로,성서공단북로_구간,30.1
2024-04-10,10,성서공단북로,성서공단북로_구간,33.5
2024-04-10,11,성서공단북로,성서공단북로_구간,35.8
2024-04-10,12,성서공단북로,성서공단북로_구간,33.4
2024-04-10,13,성서공단북로,성서공단북로_구간,36.1
2024-04-10,14,성서공단북로,성서공단북로_구간,34.2
2024-04-10,15,성서공단북로,성서공단북로_구간,32.1
2024-04-10,16,성서공단북로,성서공단북로_구간,32.0
2024-04-10,17,성서공단북로,성서공단북로_구간,21.3
2024-04-10,18,성서공단북로,성서공단북로_구간,22.4
2024-04-10,19,성서공단북로,성서공단북로_구간,32.8
2024-04-10,20,성서공단북로,성서공단북로_구간,38.8
2024-04-10,21,성서공단북로,성서공단북로_구간,39.2
2024-04-10,22,성서공단북로,성서공단북로_구간,45.4
2024-04-10,23,성서공단북로,성서공단북로_구간,48.3
2024-04-10,00,용산로,용산로_구간,48.7
2024-04-10,01,용산로,용산로_구간,48.1
2024-04-10,02,용산로,용산로_구간,43.5
2024-04-10,03,용산로,용산로_구간,45.6
2024-04-10,04,용산로,용산로_구간,43.5
2024-04-10,05,용산로,용산로_구간,41.1
2024-04-10,06,용산로,용산로_구간,39.6
2024-04-10,07,용산로,용산로_구간,30.7
2024-04-10,08,용산로,용산로_구간,25.2
2024-04-10,09,용산로,용산로_구간,32.4
2024-04-10,10,용산로,용산로_구간,33.8
2024-04-10,11,용산로,용산로_구간,36.6
2024-04-10,12,용산로,용산로_구간,34.4
2024-04-10,13,용산로,용산로_구간,35.2
2024-04-10,14,용산로,용산로_구간,36.2
2024-04-10,15,용산로,용산로_구간,35.5
2024-04-10,16,용산로,용산로_구간,29.9
2024-04-10,17,용산로,용산로_구간,20.7
2024-04-10,18,용산로,용산로_구간,24.3
2024-04-10,19,용산로,용산로_구간,33.1
2024-04-10,20,용산로,용산로_구간,38.0
2024-04-10,21,용산로,용산로_구간,42.6
2024-04-10,22,용산로,용산로_구간,46.2
2024-04-10,23,용산로,용산로_구간,46.3
2024-04-10,00,군청로,군청로_구간,49.4
2024-04-10,01,군청로,군청로_구간,47.7
2024-04-10,02,군청로,군청로_구간,43.8
2024-04-10,03,군청로,군청로_구간,47.6
2024-04-10,04,군청로,군청로_구간,43.1
2024-04-10,05,군청로,군청로_구간,39.0
2024-04-10,06,군청로,군청로_구간,36.1
2024-04-10,07,군청로,군청로_구간,26.2
2024-04-10,08,군청로,군청로_구간,22.1
2024-04-10,09,군청로,군청로_구간,29.5
2024-04-10,10,군청로,군청로_구간,33.4
2024-04-10,11,군청로,군청로_구간,37.1
2024-04-10,12,군청로,군청로_구간,33.6
2024-04-10,13,군청로,군청로_구간,35.6
2024-04-10,14,군청로,군청로_구간,36.7
2024-04-10,15,군청로,군청로_구간,35.1
2024-04-10,16,군청로,군청로_구간,26.2
2024-04-10,17,군청로,군청로_구간,21.3
2024-04-10,18,군청로,군청로_구간,21.1
2024-04-10,19,군청로,군청로_구간,32.1
2024-04-10,20,군청로,군청로_구간,38.0
2024-04-10,21,군청로,군청로_구간,43.9
2024-04-10,22,군청로,군청로_구간,47.1
2024-04-10,23,군청로,군청로_구간,47.4
2024-04-10,00,익산포항고속도로,익산포항고속도로_구간,53.1
2024-04-10,01,익산포항고속도로,익산포항고속도로_구간,53.9
2024-04-10,02,익산포항고속도로,익산포항고속도로_구간,51.0
2024-04-10,03,익산포항고속도로,익산포항고속도로_구간,51.0
2024-04-10,04,익산포항고속도로,익산포항고속도로_구간,51.8
2024-04-10,05,익산포항고속도로,익산포항고속도로_구간,47.0
2024-04-10,06,익산포항고속도로,익산포항고속도로_구간,45.5
2024-04-10,07,익산포항고속도로,익산포항고속도로_구간,35.2
2024-04-10,08,익산포항고속도로,익산포항고속도로_구간,26.3
2024-04-10,09,익산포항고속도로,익산포항고속도로_구간,37.8
2024-04-10,10,익산포항고속도로,익산포항고속도로_구간,41.3
2024-04-10,11,익산포항고속도로,익산포항고속도로_구간,42.2
2024-04-10,12,익산포항고속도로,익산포항고속도로_구간,37.6
2024-04-10,13,익산포항고속도로,익산포항고속도로_구간,39.5
2024-04-10,14,익산포항고속도로,익산포항고속도로_구간,41.0
2024-04-10,15,익산포항고속도로,익산포항고속도로_구간,41.0
2024-04-10,16,익산포항고속도로,익산포항고속도로_구간,34.3
2024-04-10,17,익산포항고속도로,익산포항고속도로_구간,28.8
2024-04-10,18,익산포항고속도로,익산포항고속도로_구간,28.8
2024-04-10,19,익산포항고속도로,익산포항고속도로_구간,37.6
2024-04-10,20,익산포항고속도로,익산포항고속도로_구간,44.2
2024-04-10,21,익산포항고속도로,익산포항고속도로_구간,52.4
2024-04-10,22,익산포항고속도로,익산포항고속도로_구간,48.5
2024-04-10,23,익산포항고속도로,익산포항고속도로_구간,55.6
2024-04-10,00,서재로,서재로_구간,48.3
2024-04-10,01,서재로,서재로_구간,47.7
2024-04-10,02,서재로,서재로_구간,46.2
2024-04-10,03,서재로,서재로_구간,45.8
2024-04-10,04,서재로,서재로_구간,43.7
2024-04-10,05,서재로,서재로_구간,44.6
2024-04-10,06,서재로,서재로_구간,37.2
2024-04-10,07,서재로,서재로_구간,30.0
2024-04-10,08,서재로,서재로_구간,20.8
2024-04-10,09,서재로,서재로_구간,29.9
2024-04-10,10,서재로,서재로_구간,32.1
2024-04-10,11,서재로,서재로_구간,36.8
2024-04-10,12,서재로,서재로_구간,35.6
2024-04-10,13,서재로,서재로_구간,34.9
2024-04-10,14,서재로,서재로_구간,35.6
2024-04-10,15,서재로,서재로_구간,32.0
2024-04-10,16,서재로,서재로_구간,29.6
2024-04-10,17,서재로,서재로_구간,19.1
2024-04-10,18,서재로,서재로_구간,23.4
2024-04-10,19,서재로,서재로_구간,32.4
2024-04-10,20,서재로,서재로_구간,40.4
2024-04-10,21,서재로,서재로_구간,47.1
2024-04-10,22,서재로,서재로_구간,43.9
2024-04-10,23,서재로,서재로_구간,49.6
2024-04-10,00,동촌로,동촌로_구간,48.4
2024-04-10,01,동촌로,동촌로_구간,46.7
2024-04-10,02,동촌로,동촌로_구간,46.8
2024-04-10,03,동촌로,동촌로_구간,45.1
2024-04-10,04,동촌로,동촌로_구간,44.2
2024-04-10,05,동촌로,동촌로_구간,41.3
2024-04-10,06,동촌로,동촌로_구간,35.5
2024-04-10,07,동촌로,동촌로_구간,25.2
2024-04-10,08,동촌로,동촌로_구간,23.2
2024-04-10,09,동촌로,동촌로_구간,29.5
2024-04-10,10,동촌로,동촌로_구간,32.9
2024-04-10,11,동촌로,동촌로_구간,36.0
2024-04-10,12,동촌로,동촌로_구간,34.4
2024-04-10,13,동촌로,동촌로_구간,35.3
2024-04-10,14,동촌로,동촌로_구간,34.8
2024-04-10,15,동촌로,동촌로_구간,36.2
2024-04-10,16,동촌로,동촌로_구간,32.8
2024-04-10,17,동촌로,동촌로_구간,22.9
2024-04-10,18,동촌로,동촌로_구간,26.8
2024-04-10,19,동촌로,동촌로_구간,34.2
2024-04-10,20,동촌로,동촌로_구간,40.0
2024-04-10,21,동촌로,동촌로_구간,43.1
2024-04-10,22,동촌로,동촌로_구간,46.1
2024-04-10,23,동촌로,동촌로_구간,47.9
2024-04-10,00,팔공로,팔공로_구간,46.0
2024-04-10,01,팔공로,팔공로_구간,48.3
2024-04-10,02,팔공로,팔공로_구간,43.6
2024-04-10,03,팔공로,팔공로_구간,43.6
2024-04-10,04,팔공로,팔공로_구간,46.3
2024-04-10,05,팔공로,팔공로_구간,43.5
2024-04-10,06,팔공로,팔공로_구간,40.7
2024-04-10,07,팔공로,팔공로_구간,27.5
2024-04-10,08,팔공로,팔공로_구간,19.9
2024-04-10,09,팔공로,팔공로_구간,29.6
2024-04-10,10,팔공로,팔공로_구간,34.2
2024-04-10,11,팔공로,팔공로_구간,36.1
2024-04-10,12,팔공로,팔공로_구간,35.0
2024-04-10,13,팔공로,팔공로_구간,34.3
2024-04-10,14,팔공로,팔공로_구간,36.6
2024-04-10,15,팔공로,팔공로_구간,32.2
2024-04-10,16,팔공로,팔공로_구간,30.8
2024-04-10,17,팔공로,팔공로_구간,22.0
2024-04-10,18,팔공로,팔공로_구간,23.7
2024-04-10,19,팔공로,팔공로_구간,31.6
2024-04-10,20,팔공로,팔공로_구간,37.7
2024-04-10,21,팔공로,팔공로_구간,41.5
2024-04-10,22,팔공로,팔공로_구간,48.2
2024-04-10,23,팔공로,팔공로_구간,46.8
2024-04-10,00,용학로,용학로_구간,47.6
2024-04-10,01,용학로,용학로_구간,43.2
2024-04-10,02,용학로,용학로_구간,44.4
2024-04-10,03,용학로,용학로_구간,44.5
2024-04-10,04,용학로,용학로_구간,42.8
2024-04-10,05,용학로,용학로_구간,44.5
2024-04-10,06,용학로,용학로_구간,37.7
2024-04-10,07,용학로,용학로_구간,30.3
2024-04-10,08,용학로,용학로_구간,22.1
2024-04-10,09,용학로,용학로_구간,30.1
2024-04-10,10,용학로,용학로_구간,33.8
2024-04-10,11,용학로,용학로_구간,36.0
2024-04-10,12,용학로,용학로_구간,36.1
2024-04-10,13,용학로,용학로_구간,30.8
2024-04-10,14,용학로,용학로_구간,32.4
2024-04-10,15,용학로,용학로_구간,33.0
2024-04-10,16,용학로,용학로_구간,30.0
2024-04-10,17,용학로,용학로_구간,23.2
2024-04-10,18,용학로,용학로_구간,25.9
2024-04-10,19,용학로,용학로_구간,31.3
2024-04-10,20,용학로,용학로_구간,39.8
2024-04-10,21,용학로,용학로_구간,43.9
2024-04-10,22,용학로,용학로_구간,45.3
2024-04-10,23,용학로,용학로_구간,48.7
2024-04-10,00,혁신대로,혁신대로_구간,48.5
2024-04-10,01,혁신대로,혁신대로_구간,46.0
2024-04-10,02,혁신대로,혁신대로_구간,47.3
2024-04-10,03,혁신대로,혁신대로_구간,45.2
2024-04-10,04,혁신대로,혁신대로_구간,44.0
2024-04-10,05,혁신대로,혁신대로_구간,44.7
2024-04-10,06,혁신대로,혁신대로_구간,33.6
2024-04-10,07,혁신대로,혁신대로_구간,25.4
2024-04-10,08,혁신대로,혁신대로_구간,19.9
2024-04-10,09,혁신대로,혁신대로_구간,29.3
2024-04-10,10,혁신대로,혁신대로_구간,33.5
2024-04-10,11,혁신대로,혁신대로_구간,33.3
2024-04-10,12,혁신대로,혁신대로_구간,31.2
2024-04-10,13,혁신대로,혁신대로_구간,33.5
2024-04-10,14,혁신대로,혁신대로_구간,40.4
2024-04-10,15,혁신대로,혁신대로_구간,37.2
2024-04-10,16,혁신대로,혁신대로_구간,29.3
2024-04-10,17,혁신대로,혁신대로_구간,21.3
2024-04-10,18,혁신대로,혁신대로_구간,22.9
2024-04-10,19,혁신대로,혁신대로_구간,28.6
2024-04-10,20,혁신대로,혁신대로_구간,37.8
2024-04-10,21,혁신대로,혁신대로_구간,40.2
2024-04-10,22,혁신대로,혁신대로_구간,44.8
2024-04-10,23,혁신대로,혁신대로_구간,44.1
2024-04-10,00,태평로,태평로_구간,46.6
2024-04-10,01,태평로,태평로_구간,47.3
2024-04-10,02,태평로,태평로_구간,46.7
2024-04-10,03,태평로,태평로_구간,45.8
2024-04-10,04,태평로,태평로_구간,41.6
2024-04-10,05,태평로,태평로_구간,43.5
2024-04-10,06,태평로,태평로_구간,36.6
2024-04-10,07,태평로,태평로_구간,29.1
2024-04-10,08,태평로,태평로_구간,22.0
2024-04-10,09,태평로,태평로_구간,27.5
2024-04-10,10,태평로,태평로_구간,33.4
2024-04-10,11,태평로,태평로_구간,36.7
2024-04-10,12,태평로,태평로_구간,34.1
2024-04-10,13,태평로,태평로_구간,34.7
2024-04-10,14,태평로,태평로_구간,38.8
2024-04-10,15,태평로,태평로_구간,35.8
2024-04-10,16,태평로,태평로_구간,29.5
2024-04-10,17,태평로,태평로_구간,23.4
2024-04-10,18,태평로,태평로_구간,28.5
2024-04-10,19,태평로,태평로_구간,35.5
2024-04-10,20,태평로,태평로_구간,35.8
2024-04-10,21,태평로,태평로_구간,40.3
2024-04-10,22,태평로,태평로_구간,47.7
2024-04-10,23,태평로,태평로_구간,45.1
2024-04-10,00,와룡로,와룡로_구간,45.6
2024-04-10,01,와룡로,와룡로_구간,46.1
2024-04-10,02,와룡로,와룡로_구간,46.8
2024-04-10,03,와룡로,와룡로_구간,44.8
2024-04-10,04,와룡로,와룡로_구간,42.8
2024-04-10,05,와룡로,와룡로_구간,40.8
2024-04-10,06,와룡로,와룡로_구간,36.7
2024-04-10,07,와룡로,와룡로_구간,26.4
2024-04-10,08,와룡로,와룡로_구간,26.1
2024-04-10,09,와룡로,와룡로_구간,30.5
2024-04-10,10,와룡로,와룡로_구간,35.6
2024-04-10,11,와룡로,와룡로_구간,35.1
2024-04-10,12,와룡로,와룡로_구간,32.7
2024-04-10,13,와룡로,와룡로_구간,33.7
2024-04-10,14,와룡로,와룡로_구간,31.2
2024-04-10,15,와룡로,와룡로_구간,31.5
2024-04-10,16,와룡로,와룡로_구간,26.7
2024-04-10,17,와룡로,와룡로_구간,18.0
2024-04-10,18,와룡로,와룡로_구간,22.8
2024-04-10,19,와룡로,와룡로_구간,34.4
2024-04-10,20,와룡로,와룡로_구간,37.9
2024-04-10,21,와룡로,와룡로_구간,44.3
2024-04-10,22,와룡로,와룡로_구간,45.7
2024-04-10,23,와룡로,와룡로_구간,48.4
2024-04-10,00,들안로,들안로_구간,46.4
2024-04-10,01,들안로,들안로_구간,47.9
2024-04-10,02,들안로,들안로_구간,47.3
2024-04-10,03,들안로,들안로_구간,44.0
2024-04-10,04,들안로,들안로_구간,45.0
2024-04-10,05,들안로,들안로_구간,43.0
2024-04-10,06,들안로,들안로_구간,37.0
2024-04-10,07,들안로,들안로_구간,26.0
2024-04-10,08,들안로,들안로_구간,19.9
2024-04-10,09,들안로,들안로_구간,30.2
2024-04-10,10,들안로,들안로_구간,34.6
2024-04-10,11,들안로,들안로_구간,34.6
2024-04-10,12,들안로,들안로_구간,33.0
2024-04-10,13,들안로,들안로_구간,36.0
2024-04-10,14,들안로,들안로_구간,37.1
2024-04-10,15,들안로,들안로_구간,36.8
2024-04-10,16,들안로,들안로_구간,32.3
2024-04-10,17,들안로,들안로_구간,20.2
2024-04-10,18,들안로,들안로_구간,28.0
2024-04-10,19,들안로,들안로_구간,31.0
2024-04-10,20,들안로,들안로_구간,39.9
2024-04-10,21,들안로,들안로_구간,42.1
2024-04-10,22,들안로,들안로_구간,44.3
2024-04-10,23,들안로,들안로_구간,43.7
2024-04-10,00,국가산단북로,국가산단북로_구간,47.7
2024-04-10,01,국가산단북로,국가산단북로_구간,44.2
2024-04-10,02,국가산단북로,국가산단북로_구간,47.7
2024-04-10,03,국가산단북로,국가산단북로_구간,47.7
2024-04-10,04,국가산단북로,국가산단북로_구간,42.6
2024-04-10,05,국가산단북로,국가산단북로_구간,42.5
2024-04-10,06,국가산단북로,국가산단북로_구간,36.7
2024-04-10,07,국가산단북로,국가산단북로_구간,26.9
2024-04-10,08,국가산단북로,국가산단북로_구간,23.4
2024-04-10,09,국가산단북로,국가산단북로_구간,29.9
2024-04-10,10,국가산단북로,국가산단북로_구간,37.1
2024-04-10,11,국가산단북로,국가산단북로_구간,35.1
2024-04-10,12,국가산단북로,국가산단북로_구간,34.8
2024-04-10,13,국가산단북로,국가산단북로_구간,35.2
2024-04-10,14,국가산단북로,국가산단북로_구간,37.4
2024-04-10,15,국가산단북로,국가산단북로_구간,33.2
2024-04-10,16,국가산단북로,국가산단북로_구간,29.9
2024-04-10,17,국가산단북로,국가산단북로_구간,21.8
2024-04-10,18,국가산단북로,국가산단북로_구간,23.5
2024-04-10,19,국가산단북로,국가산단북로_구간,33.2
2024-04-10,20,국가산단북로,국가산단북로_구간,39.2
2024-04-10,21,국가산단북로,국가산단북로_구간,43.1
2024-04-10,22,국가산단북로,국가산단북로_구간,47.8
2024-04-10,23,국가산단북로,국가산단북로_구간,49.6
2024-04-10,00,삼국유사로,삼국유사로_구간,47.3
2024-04-10,01,삼국유사로,삼국유사로_구간,47.7
2024-04-10,02,삼국유사로,삼국유사로_구간,44.9
2024-04-10,03,삼국유사로,삼국유사로_구간,45.0
2024-04-10,04,삼국유사로,삼국유사로_구간,42.9
2024-04-10,05,삼국유사로,삼국유사로_구간,44.9
2024-04-10,06,삼국유사로,삼국유사로_구간,38.7
2024-04-10,07,삼국유사로,삼국유사로_구간,27.6
2024-04-10,08,삼국유사로,삼국유사로_구간,24.1
2024-04-10,09,삼국유사로,삼국유사로_구간,26.1
2024-04-10,10,삼국유사로,삼국유사로_구간,30.4
2024-04-10,11,삼국유사로,삼국유사로_구간,37.4
2024-04-10,12,삼국유사로,삼국유사로_구간,33.1
2024-04-10,13,삼국유사로,삼국유사로_구간,35.5
2024-04-10,14,삼국유사로,삼국유사로_구간,33.6
2024-04-10,15,삼국유사로,삼국유사로_구간,34.0
2024-04-10,16,삼국유사로,삼국유사로_구간,33.6
2024-04-10,17,삼국유사로,삼국유사로_구간,23.5
2024-04-10,18,삼국유사로,삼국유사로_구간,25.3
2024-04-10,19,삼국유사로,삼국유사로_구간,31.2
2024-04-10,20,삼국유사로,삼국유사로_구간,37.3
2024-04-10,21,삼국유사로,삼국유사로_구간,38.2
2024-04-10,22,삼국유사로,삼국유사로_구간,45.5
2024-04-10,23,삼국유사로,삼국유사로_구간,48.5
2024-04-10,00,세천로,세천로_구간,45.2
2024-04-10,01,세천로,세천로_구간,45.8
2024-04-10,02,세천로,세천로_구간,43.9
2024-04-10,03,세천로,세천로_구간,43.3
2024-04-10,04,세천로,세천로_구간,44.1
2024-04-10,05,세천로,세천로_구간,38.2
2024-04-10,06,세천로,세천로_구간,39.1
2024-04-10,07,세천로,세천로_구간,29.4
2024-04-10,08,세천로,세천로_구간,21.5
2024-04-10,09,세천로,세천로_구간,25.5
2024-04-10,10,세천로,세천로_구간,32.2
2024-04-10,11,세천로,세천로_구간,38.2
2024-04-10,12,세천로,세천로_구간,28.0
2024-04-10,13,세천로,세천로_구간,34.4
2024-04-10,14,세천로,세천로_구간,33.9
2024-04-10,15,세천로,세천로_구간,35.4
2024-04-10,16,세천로,세천로_구간,28.8
2024-04-10,17,세천로,세천로_구간,22.7
2024-04-10,18,세천로,세천로_구간,26.0
2024-04-10,19,세천로,세천로_구간,35.3
2024-04-10,20,세천로,세천로_구간,37.6
2024-04-10,21,세천로,세천로_구간,42.7
2024-04-10,22,세천로,세천로_구간,42.3
2024-04-10,23,세천로,세천로_구간,49.1
2024-04-10,00,서대구로,서대구로_구간,46.6
2024-04-10,01,서대구로,서대구로_구간,46.0
2024-04-10,02,서대구로,서대구로_구간,46.0
2024-04-10,03,서대구로,서대구로_구간,42.2
2024-04-10,04,서대구로,서대구로_구간,44.4
2024-04-10,05,서대구로,서대구로_구간,43.7
2024-04-10,06,서대구로,서대구로_구간,38.5
2024-04-10,07,서대구로,서대구로_구간,25.1
2024-04-10,08,서대구로,서대구로_구간,21.8
2024-04-10,09,서대구로,서대구로_구간,31.3
2024-04-10,10,서대구로,서대구로_구간,30.6
2024-04-10,11,서대구로,서대구로_구간,34.1
2024-04-10,12,서대구로,서대구로_구간,34.6
2024-04-10,13,서대구로,서대구로_구간,35.5
2024-04-10,14,서대구로,서대구로_구간,36.7
2024-04-10,15,서대구로,서대구로_구간,37.3
2024-04-10,16,서대구로,서대구로_구간,30.8
2024-04-10,17,서대구로,서대구로_구간,23.2
2024-04-10,18,서대구로,서대구로_구간,29.9
2024-04-10,19,서대구로,서대구로_구간,31.6
2024-04-10,20,서대구로,서대구로_구간,36.6
2024-04-10,21,서대구로,서대구로_구간,42.8
2024-04-10,22,서대구로,서대구로_구간,45.8
2024-04-10,23,서대구로,서대구로_구간,46.1
2024-04-10,00,침산남로,침산남로_구간,46.1
2024-04-10,01,침산남로,침산남로_구간,51.2
2024-04-10,02,침산남로,침산남로_구간,46.6
2024-04-10,03,침산남로,침산남로_구간,43.7
2024-04-10,04,침산남로,침산남로_구간,45.6
2024-04-10,05,침산남로,침산남로_구간,41.8
2024-04-10,06,침산남로,침산남로_구간,37.5
2024-04-10,07,침산남로,침산남로_구간,29.0
2024-04-10,08,침산남로,침산남로_구간,19.7
2024-04-10,09,침산남로,침산남로_구간,30.6
2024-04-10,10,침산남로,침산남로_구간,37.4
2024-04-10,11,침산남로,침산남로_구간,36.8
2024-04-10,12,침산남로,침산남로_구간,32.3
2024-04-10,13,침산남로,침산남로_구간,34.1
2024-04-10,14,침산남로,침산남로_구간,35.3
2024-04-10,15,침산남로,침산남로_구간,33.5
2024-04-10,16,침산남로,침산남로_구간,29.3
2024-04-10,17,침산남로,침산남로_구간,23.6
2024-04-10,18,침산남로,침산남로_구간,21.9
2024-04-10,19,침산남로,침산남로_구간,33.6
2024-04-10,20,침산남로,침산남로_구간,37.3
2024-04-10,21,침산남로,침산남로_구간,42.7
2024-04-10,22,침산남로,침산남로_구간,43.0
2024-04-10,23,침산남로,침산남로_구간,49.4
2024-04-10,00,청호로,청호로_구간,50.2
2024-04-10,01,청호로,청호로_구간,48.7
2024-04-10,02,청호로,청호로_구간,43.3
2024-04-10,03,청호로,청호로_구간,46.5
2024-04-10,04,청호로,청호로_구간,44.7
2024-04-10,05,청호로,청호로_구간,39.1
2024-04-10,06,청호로,청호로_구간,38.0
2024-04-10,07,청호로,청호로_구간,28.7
2024-04-10,08,청호로,청호로_구간,23.0
2024-04-10,09,청호로,청호로_구간,30.3
2024-04-10,10,청호로,청호로_구간,34.5
2024-04-10,11,청호로,청호로_구간,38.7
2024-04-10,12,청호로,청호로_구간,35.2
2024-04-10,13,청호로,청호로_구간,29.8
2024-04-10,14,청호로,청호로_구간,35.4
2024-04-10,15,청호로,청호로_구간,33.7
2024-04-10,16,청호로,청호로_구간,26.8
2024-04-10,17,청호로,청호로_구간,22.2
2024-04-10,18,청호로,청호로_구간,27.2
2024-04-10,19,청호로,청호로_구간,30.0
2024-04-10,20,청호로,청호로_구간,38.6
2024-04-10,21,청호로,청호로_구간,40.4
2024-04-10,22,청호로,청호로_구간,43.8
2024-04-10,23,청호로,청호로_구간,49.7
2024-04-10,00,알파시티1로,알파시티1로_구간,47.0
2024-04-10,01,알파시티1로,알파시티1로_구간,47.8
2024-04-10,02,알파시티1로,알파시티1로_구간,42.6
2024-04-10,03,알파시티1로,알파시티1로_구간,48.4
2024-04-10,04,알파시티1로,알파시티1로_구간,45.1
2024-04-10,05,알파시티1로,알파시티1로_구간,41.7
2024-04-10,06,알파시티1로,알파시티1로_구간,39.0
2024-04-10,07,알파시티1로,알파시티1로_구간,25.5
2024-04-10,08,알파시티1로,알파시티1로_구간,24.1
2024-04-10,09,알파시티1로,알파시티1로_구간,29.4
2024-04-10,10,알파시티1로,알파시티1로_구간,33.6
2024-04-10,11,알파시티1로,알파시티1로_구간,35.1
2024-04-10,12,알파시티1로,알파시티1로_구간,32.0
2024-04-10,13,알파시티1로,알파시티1로_구간,36.3
2024-04-10,14,알파시티1로,알파시티1로_구간,36.5
2024-04-10,15,알파시티1로,알파시티1로_구간,35.2
2024-04-10,16,알파시티1로,알파시티1로_구간,30.0
2024-04-10,17,알파시티1로,알파시티1로_구간,22.9
2024-04-10,18,알파시티1로,알파시티1로_구간,24.2
2024-04-10,19,알파시티1로,알파시티1로_구간,36.0
2024-04-10,20,알파시티1로,알파시티1로_구간,35.2
2024-04-10,21,알파시티1로,알파시티1로_구간,44.3
2024-04-10,22,알파시티1로,알파시티1로_구간,47.5
2024-04-10,23,알파시티1로,알파시티1로_구간,45.5
2024-04-10,00,논공로,논공로_구간,52.0
2024-04-10,01,논공로,논공로_구간,48.8
2024-04-10,02,논공로,논공로_구간,47.7
2024-04-10,03,논공로,논공로_구간,45.1
2024-04-10,04,논공로,논공로_구간,43.6
2024-04-10,05,논공로,논공로_구간,41.6
2024-04-10,06,논공로,논공로_구간,38.7
2024-04-10,07,논공로,논공로_구간,30.5
2024-04-10,08,논공로,논공로_구간,22.3
2024-04-10,09,논공로,논공로_구간,28.4
2024-04-10,10,논공로,논공로_구간,35.5
2024-04-10,11,논공로,논공로_구간,37.7
2024-04-10,12,논공로,논공로_구간,34.2
2024-04-10,13,논공로,논공로_구간,36.3
2024-04-10,14,논공로,논공로_구간,35.5
2024-04-10,15,논공로,논공로_구간,32.3
2024-04-10,16,논공로,논공로_구간,28.4
2024-04-10,17,논공로,논공로_구간,19.1
2024-04-10,18,논공로,논공로_구간,25.4
2024-04-10,19,논공로,논공로_구간,31.8
2024-04-10,20,논공로,논공로_구간,37.2
2024-04-10,21,논공로,논공로_구간,36.7
2024-04-10,22,논공로,논공로_구간,42.8
2024-04-10,23,논공로,논공로_구간,49.0
2024-04-13,00,달구벌대로,달구벌대로_구간,44.8
2024-04-13,01,달구벌대로,달구벌대로_구간,45.6
2024-04-13,02,달구벌대로,달구벌대로_구간,41.5
2024-04-13,03,달구벌대로,달구벌대로_구간,45.6
2024-04-13,04,달구벌대로,달구벌대로_구간,41.7
2024-04-13,05,달구벌대로,달구벌대로_구간,41.5
2024-04-13,06,달구벌대로,달구벌대로_구간,44.2
2024-04-13,07,달구벌대로,달구벌대로_구간,40.7
2024-04-13,08,달구벌대로,달구벌대로_구간,35.4
2024-04-13,09,달구벌대로,달구벌대로_구간,32.9
2024-04-13,10,달구벌대로,달구벌대로_구간,31.4
2024-04-13,11,달구벌대로,달구벌대로_구간,30.9
2024-04-13,12,달구벌대로,달구벌대로_구간,27.8
2024-04-13,13,달구벌대로,달구벌대로_구간,25.3
2024-04-13,14,달구벌대로,달구벌대로_구간,26.6
2024-04-13,15,달구벌대로,달구벌대로_구간,25.8
2024-04-13,16,달구벌대로,달구벌대로_구간,33.1
2024-04-13,17,달구벌대로,달구벌대로_구간,31.2
2024-04-13,18,달구벌대로,달구벌대로_구간,35.2
2024-04-13,19,달구벌대로,달구벌대로_구간,34.6
2024-04-13,20,달구벌대로,달구벌대로_구간,39.7
2024-04-13,21,달구벌대로,달구벌대로_구간,39.7
2024-04-13,22,달구벌대로,달구벌대로_구간,42.5
2024-04-13,23,달구벌대로,달구벌대로_구간,45.8
2024-04-13,00,비슬로,비슬로_구간,51.8
2024-04-13,01,비슬로,비슬로_구간,49.1
2024-04-13,02,비슬로,비슬로_구간,45.7
2024-04-13,03,비슬로,비슬로_구간,44.6
2024-04-13,04,비슬로,비슬로_구간,43.4
2024-04-13,05,비슬로,비슬로_구간,41.8
2024-04-13,06,비슬로,비슬로_구간,44.2
2024-04-13,07,비슬로,비슬로_구간,44.0
2024-04-13,08,비슬로,비슬로_구간,40.0
2024-04-13,09,비슬로,비슬로_구간,33.9
2024-04-13,10,비슬로,비슬로_구간,35.7
2024-04-13,11,비슬로,비슬로_구간,33.7
2024-04-13,12,비슬로,비슬로_구간,35.8
2024-04-13,13,비슬로,비슬로_구간,27.4
2024-04-13,14,비슬로,비슬로_구간,27.3
2024-04-13,15,비슬로,비슬로_구간,33.1
2024-04-13,16,비슬로,비슬로_구간,33.8
2024-04-13,17,비슬로,비슬로_구간,36.0
2024-04-13,18,비슬로,비슬로_구간,36.2
2024-04-13,19,비슬로,비슬로_구간,38.6
2024-04-13,20,비슬로,비슬로_구간,43.4
2024-04-13,21,비슬로,비슬로_구간,43.5
2024-04-13,22,비슬로,비슬로_구간,49.6
2024-04-13,23,비슬로,비슬로_구간,46.5
2024-04-13,00,신천대로,신천대로_구간,50.6
2024-04-13,01,신천대로,신천대로_구간,49.3
2024-04-13,02,신천대로,신천대로_구간,46.9
2024-04-13,03,신천대로,신천대로_구간,47.0
2024-04-13,04,신천대로,신천대로_구간,44.9
2024-04-13,05,신천대로,신천대로_구간,43.1
2024-04-13,06,신천대로,신천대로_구간,43.4
2024-04-13,07,신천대로,신천대로_구간,40.0
2024-04-13,08,신천대로,신천대로_구간,40.6
2024-04-13,09,신천대로,신천대로_구간,35.9
2024-04-13,10,신천대로,신천대로_구간,37.3
2024-04-13,11,신천대로,신천대로_구간,31.9
2024-04-13,12,신천대로,신천대로_구간,31.0
2024-04-13,13,신천대로,신천대로_구간,28.9
2024-04-13,14,신천대로,신천대로_구간,30.4
2024-04-13,15,신천대로,신천대로_구간,30.6
2024-04-13,16,신천대로,신천대로_구간,32.6
2024-04-13,17,신천대로,신천대로_구간,35.9
2024-04-13,18,신천대로,신천대로_구간,32.2
2024-04-13,19,신천대로,신천대로_구간,37.9
2024-04-13,20,신천대로,신천대로_구간,45.6
2024-04-13,21,신천대로,신천대로_구간,45.2
2024-04-13,22,신천대로,신천대로_구간,48.1
2024-04-13,23,신천대로,신천대로_구간,50.0
2024-04-13,00,경북대로,경북대로_구간,51.6
2024-04-13,01,경북대로,경북대로_구간,45.4
2024-04-13,02,경북대로,경북대로_구간,45.0
2024-04-13,03,경북대로,경북대로_구간,47.4
2024-04-13,04,경북대로,경북대로_구간,44.7
2024-04-13,05,경북대로,경북대로_구간,47.4
2024-04-13,06,경북대로,경북대로_구간,43.4
2024-04-13,07,경북대로,경북대로_구간,38.5
2024-04-13,08,경북대로,경북대로_구간,37.7
2024-04-13,09,경북대로,경북대로_구간,33.1
2024-04-13,10,경북대로,경북대로_구간,35.6
2024-04-13,11,경북대로,경북대로_구간,33.7
2024-04-13,12,경북대로,경북대로_구간,31.2
2024-04-13,13,경북대로,경북대로_구간,31.9
2024-04-13,14,경북대로,경북대로_구간,30.2
2024-04-13,15,경북대로,경북대로_구간,29.7
2024-04-13,16,경북대로,경북대로_구간,29.2
2024-04-13,17,경북대로,경북대로_구간,36.1
2024-04-13,18,경북대로,경북대로_구간,37.0
2024-04-13,19,경북대로,경북대로_구간,38.6
2024-04-13,20,경북대로,경북대로_구간,43.8
2024-04-13,21,경북대로,경북대로_구간,42.9
2024-04-13,22,경북대로,경북대로_구간,51.6
2024-04-13,23,경북대로,경북대로_구간,47.3
2024-04-13,00,신천동로,신천동로_구간,51.3
2024-04-13,01,신천동로,신천동로_구간,46.0
2024-04-13,02,신천동로,신천동로_구간,46.3
2024-04-13,03,신천동로,신천동로_구간,49.7
2024-04-13,04,신천동로,신천동로_구간,45.5
2024-04-13,05,신천동로,신천동로_구간,46.5
2024-04-13,06,신천동로,신천동로_구간,44.4
2024-04-13,07,신천동로,신천동로_구간,41.8
2024-04-13,08,신천동로,신천동로_구간,42.5
2024-04-13,09,신천동로,신천동로_구간,37.6
2024-04-13,10,신천동로,신천동로_구간,32.8
2024-04-13,11,신천동로,신천동로_구간,32.6
2024-04-13,12,신천동로,신천동로_구간,33.0
2024-04-13,13,신천동로,신천동로_구간,30.7
2024-04-13,14,신천동로,신천동로_구간,25.2
2024-04-13,15,신천동로,신천동로_구간,28.7
2024-04-13,16,신천동로,신천동로_구간,32.0
2024-04-13,17,신천동로,신천동로_구간,34.3
2024-04-13,18,신천동로,신천동로_구간,33.5
2024-04-13,19,신천동로,신천동로_구간,36.9
2024-04-13,20,신천동로,신천동로_구간,40.7
2024-04-13,21,신천동로,신천동로_구간,46.4
2024-04-13,22,신천동로,신천동로_구간,49.5
2024-04-13,23,신천동로,신천동로_구간,48.7
2024-04-13,00,국채보상로,국채보상로_구간,45.3
2024-04-13,01,국채보상로,국채보상로_구간,45.3
2024-04-13,02,국채보상로,국채보상로_구간,42.5
2024-04-13,03,국채보상로,국채보상로_구간,40.9
2024-04-13,04,국채보상로,국채보상로_구간,40.3
2024-04-13,05,국채보상로,국채보상로_구간,39.9
2024-04-13,06,국채보상로,국채보상로_구간,37.9
2024-04-13,07,국채보상로,국채보상로_구간,38.3
2024-04-13,08,국채보상로,국채보상로_구간,37.3
2024-04-13,09,국채보상로,국채보상로_구간,31.1
2024-04-13,10,국채보상로,국채보상로_구간,32.0
2024-04-13,11,국채보상로,국채보상로_구간,29.6
2024-04-13,12,국채보상로,국채보상로_구간,28.6
2024-04-13,13,국채보상로,국채보상로_구간,26.0
2024-04-13,14,국채보상로,국채보상로_구간,21.4
2024-04-13,15,국채보상로,국채보상로_구간,23.7
2024-04-13,16,국채보상로,국채보상로_구간,29.1
2024-04-13,17,국채보상로,국채보상로_구간,32.9
2024-04-13,18,국채보상로,국채보상로_구간,28.0
2024-04-13,19,국채보상로,국채보상로_구간,34.6
2024-04-13,20,국채보상로,국채보상로_구간,40.1
2024-04-13,21,국채보상로,국채보상로_구간,40.7
2024-04-13,22,국채보상로,국채보상로_구간,45.0
2024-04-13,23,국채보상로,국채보상로_구간,43.7
2024-04-13,00,중앙고속도로,중앙고속도로_구간,55.8
2024-04-13,01,중앙고속도로,중앙고속도로_구간,52.1
2024-04-13,02,중앙고속도로,중앙고속도로_구간,49.8
2024-04-13,03,중앙고속도로,중앙고속도로_구간,54.7
2024-04-13,04,중앙고속도로,중앙고속도로_구간,50.2
2024-04-13,05,중앙고속도로,중앙고속도로_구간,50.2
2024-04-13,06,중앙고속도로,중앙고속도로_구간,47.5
2024-04-13,07,중앙고속도로,중앙고속도로_구간,45.5
2024-04-13,08,중앙고속도로,중앙고속도로_구간,45.7
2024-04-13,09,중앙고속도로,중앙고속도로_구간,42.7
2024-04-13,10,중앙고속도로,중앙고속도로_구간,42.7
2024-04-13,11,중앙고속도로,중앙고속도로_구간,40.8
2024-04-13,12,중앙고속도로,중앙고속도로_구간,38.6
2024-04-13,13,중앙고속도로,중앙고속도로_구간,36.4
2024-04-13,14,중앙고속도로,중앙고속도로_구간,36.8
2024-04-13,15,중앙고속도로,중앙고속도로_구간,34.1
2024-04-13,16,중앙고속도로,중앙고속도로_구간,38.9
2024-04-13,17,중앙고속도로,중앙고속도로_구간,43.0
2024-04-13,18,중앙고속도로,중앙고속도로_구간,44.3
2024-04-13,19,중앙고속도로,중앙고속도로_구간,41.4
2024-04-13,20,중앙고속도로,중앙고속도로_구간,47.4
2024-04-13,21,중앙고속도로,중앙고속도로_구간,53.4
2024-04-13,22,중앙고속도로,중앙고속도로_구간,54.9
2024-04-13,23,중앙고속도로,중앙고속도로_구간,55.4
2024-04-13,00,동부로,동부로_구간,49.6
2024-04-13,01,동부로,동부로_구간,48.3
2024-04-13,02,동부로,동부로_구간,48.5
2024-04-13,03,동부로,동부로_구간,46.5
2024-04-13,04,동부로,동부로_구간,45.9
2024-04-13,05,동부로,동부로_구간,45.1
2024-04-13,06,동부로,동부로_구간,42.8
2024-04-13,07,동부로,동부로_구간,43.0
2024-04-13,08,동부로,동부로_구간,45.2
2024-04-13,09,동부로,동부로_구간,34.8
2024-04-13,10,동부로,동부로_구간,36.6
2024-04-13,11,동부로,동부로_구간,32.6
2024-04-13,12,동부로,동부로_구간,33.0
2024-04-13,13,동부로,동부로_구간,30.1
2024-04-13,14,동부로,동부로_구간,29.4
2024-04-13,15,동부로,동부로_구간,32.1
2024-04-13,16,동부로,동부로_구간,33.3
2024-04-13,17,동부로,동부로_구간,37.0
2024-04-13,18,동부로,동부로_구간,31.8
2024-04-13,19,동부로,동부로_구간,40.9
2024-04-13,20,동부로,동부로_구간,42.7
2024-04-13,21,동부로,동부로_구간,46.9
2024-04-13,22,동부로,동부로_구간,45.8
2024-04-13,23,동부로,동부로_구간,47.5
2024-04-13,00,경부고속도로,경부고속도로_구간,56.3
2024-04-13,01,경부고속도로,경부고속도로_구간,55.0
2024-04-13,02,경부고속도로,경부고속도로_구간,54.5
2024-04-13,03,경부고속도로,경부고속도로_구간,55.0
2024-04-13,04,경부고속도로,경부고속도로_구간,48.8
2024-04-13,05,경부고속도로,경부고속도로_구간,52.8
2024-04-13,06,경부고속도로,경부고속도로_구간,50.0
2024-04-13,07,경부고속도로,경부고속도로_구간,47.6
2024-04-13,08,경부고속도로,경부고속도로_구간,43.4
2024-04-13,09,경부고속도로,경부고속도로_구간,44.9
2024-04-13,10,경부고속도로,경부고속도로_구간,37.7
2024-04-13,11,경부고속도로,경부고속도로_구간,41.2
2024-04-13,12,경부고속도로,경부고속도로_구간,35.3
2024-04-13,13,경부고속도로,경부고속도로_구간,36.1
2024-04-13,14,경부고속도로,경부고속도로_구간,33.8
2024-04-13,15,경부고속도로,경부고속도로_구간,38.1
2024-04-13,16,경부고속도로,경부고속도로_구간,38.7
2024-04-13,17,경부고속도로,경부고속도로_구간,39.8
2024-04-13,18,경부고속도로,경부고속도로_구간,41.1
2024-04-13,19,경부고속도로,경부고속도로_구간,46.3
2024-04-13,20,경부고속도로,경부고속도로_구간,49.0
2024-04-13,21,경부고속도로,경부고속도로_구간,50.3
2024-04-13,22,경부고속도로,경부고속도로_구간,53.6
2024-04-13,23,경부고속도로,경부고속도로_구간,52.2
2024-04-13,00,칠곡중앙대로,칠곡중앙대로_구간,46.7
2024-04-13,01,칠곡중앙대로,칠곡중앙대로_구간,41.8
2024-04-13,02,칠곡중앙대로,칠곡중앙대로_구간,45.4
2024-04-13,03,칠곡중앙대로,칠곡중앙대로_구간,43.2
2024-04-13,04,칠곡중앙대로,칠곡중앙대로_구간,46.3
2024-04-13,05,칠곡중앙대로,칠곡중앙대로_구간,39.0
2024-04-13,06,칠곡중앙대로,칠곡중앙대로_구간,39.8
2024-04-13,07,칠곡중앙대로,칠곡중앙대로_구간,41.2
2024-04-13,08,칠곡중앙대로,칠곡중앙대로_구간,38.1
2024-04-13,09,칠곡중앙대로,칠곡중앙대로_구간,32.7
2024-04-13,10,칠곡중앙대로,칠곡중앙대로_구간,32.4
2024-04-13,11,칠곡중앙대로,칠곡중앙대로_구간,30.0
2024-04-13,12,칠곡중앙대로,칠곡중앙대로_구간,28.5
2024-04-13,13,칠곡중앙대로,칠곡중앙대로_구간,24.7
2024-04-13,14,칠곡중앙대로,칠곡중앙대로_구간,23.8
2024-04-13,15,칠곡중앙대로,칠곡중앙대로_구간,23.1
2024-04-13,16,칠곡중앙대로,칠곡중앙대로_구간,29.2
2024-04-13,17,칠곡중앙대로,칠곡중앙대로_구간,31.8
2024-04-13,18,칠곡중앙대로,칠곡중앙대로_구간,31.6
2024-04-13,19,칠곡중앙대로,칠곡중앙대로_구간,31.1
2024-04-13,20,칠곡중앙대로,칠곡중앙대로_구간,39.8
2024-04-13,21,칠곡중앙대로,칠곡중앙대로_구간,41.7
2024-04-13,22,칠곡중앙대로,칠곡중앙대로_구간,42.7
2024-04-13,23,칠곡중앙대로,칠곡중앙대로_구간,44.5
2024-04-13,00,중부내륙고속도로지선,중부내륙고속도로지선_구간,53.3
2024-04-13,01,중부내륙고속도로지선,중부내륙고속도로지선_구간,53.2
2024-04-13,02,중부내륙고속도로지선,중부내륙고속도로지선_구간,53.0
2024-04-13,03,중부내륙고속도로지선,중부내륙고속도로지선_구간,55.2
2024-04-13,04,중부내륙고속도로지선,중부내륙고속도로지선_구간,50.8
2024-04-13,05,중부내륙고속도로지선,중부내륙고속도로지선_구간,52.2
2024-04-13,06,중부내륙고속도로지선,중부내륙고속도로지선_구간,49.0
2024-04-13,07,중부내륙고속도로지선,중부내륙고속도로지선_구간,48.4
2024-04-13,08,중부내륙고속도로지선,중부내륙고속도로지선_구간,45.7
2024-04-13,09,중부내륙고속도로지선,중부내륙고속도로지선_구간,45.6
2024-04-13,10,중부내륙고속도로지선,중부내륙고속도로지선_구간,41.0
2024-04-13,11,중부내륙고속도로지선,중부내륙고속도로지선_구간,37.2
2024-04-13,12,중부내륙고속도로지선,중부내륙고속도로지선_구간,35.5
2024-04-13,13,중부내륙고속도로지선,중부내륙고속도로지선_구간,35.0
2024-04-13,14,중부내륙고속도로지선,중부내륙고속도로지선_구간,31.8
2024-04-13,15,중부내륙고속도로지선,중부내륙고속도로지선_구간,36.7
2024-04-13,16,중부내륙고속도로지선,중부내륙고속도로지선_구간,38.2
2024-04-13,17,중부내륙고속도로지선,중부내륙고속도로지선_구간,45.3
2024-04-13,18,중부내륙고속도로지선,중부내륙고속도로지선_구간,38.9
2024-04-13,19,중부내륙고속도로지선,중부내륙고속도로지선_구간,44.4
2024-04-13,20,중부내륙고속도로지선,중부내륙고속도로지선_구간,46.0
2024-04-13,21,중부내륙고속도로지선,중부내륙고속도로지선_구간,50.1
2024-04-13,22,중부내륙고속도로지선,중부내륙고속도로지선_구간,54.3
2024-04-13,23,중부내륙고속도로지선,중부내륙고속도로지선_구간,50.8
2024-04-13,00,상주영천고속도로,상주영천고속도로_구간,56.4
2024-04-13,01,상주영천고속도로,상주영천고속도로_구간,58.4
2024-04-13,02,상주영천고속도로,상주영천고속도로_구간,53.2
2024-04-13,03,상주영천고속도로,상주영천고속도로_구간,53.5
2024-04-13,04,상주영천고속도로,상주영천고속도로_구간,53.8
2024-04-13,05,상주영천고속도로,상주영천고속도로_구간,50.7
2024-04-13,06,상주영천고속도로,상주영천고속도로_구간,49.0
2024-04-13,07,상주영천고속도로,상주영천고속도로_구간,43.9
2024-04-13,08,상주영천고속도로,상주영천고속도로_구간,47.2
2024-04-13,09,상주영천고속도로,상주영천고속도로_구간,43.8
2024-04-13,10,상주영천고속도로,상주영천고속도로_구간,40.2
2024-04-13,11,상주영천고속도로,상주영천고속도로_구간,40.2
2024-04-13,12,상주영천고속도로,상주영천고속도로_구간,36.9
2024-04-13,13,상주영천고속도로,상주영천고속도로_구간,35.0
2024-04-13,14,상주영천고속도로,상주영천고속도로_구간,35.1
2024-04-13,15,상주영천고속도로,상주영천고속도로_구간,33.6
2024-04-13,16,상주영천고속도로,상주영천고속도로_구간,40.9
2024-04-13,17,상주영천고속도로,상주영천고속도로_구간,38.5
2024-04-13,18,상주영천고속도로,상주영천고속도로_구간,40.8
2024-04-13,19,상주영천고속도로,상주영천고속도로_구간,47.5
2024-04-13,20,상주영천고속도로,상주영천고속도로_구간,50.0
2024-04-13,21,상주영천고속도로,상주영천고속도로_구간,51.2
2024-04-13,22,상주영천고속도로,상주영천고속도로_구간,52.3
2024-04-13,23,상주영천고속도로,상주영천고속도로_구간,54.0
2024-04-13,00,범안로,범안로_구간,50.1
2024-04-13,01,범안로,범안로_구간,49.1
2024-04-13,02,범안로,범안로_구간,47.8
2024-04-13,03,범안로,범안로_구간,46.9
2024-04-13,04,범안로,범안로_구간,45.6
2024-04-13,05,범안로,범안로_구간,42.4
2024-04-13,06,범안로,범안로_구간,43.1
2024-04-13,07,범안로,범안로_구간,43.6
2024-04-13,08,범안로,범안로_구간,37.5
2024-04-13,09,범안로,범안로_구간,37.7
2024-04-13,10,범안로,범안로_구간,34.5
2024-04-13,11,범안로,범안로_구간,34.2
2024-04-13,12,범안로,범안로_구간,31.3
2024-04-13,13,범안로,범안로_구간,32.7
2024-04-13,14,범안로,범안로_구간,28.9
2024-04-13,15,범안로,범안로_구간,27.6
2024-04-13,16,범안로,범안로_구간,34.2
2024-04-13,17,범안로,범안로_구간,33.6
2024-04-13,18,범안로,범안로_구간,35.0
2024-04-13,19,범안로,범안로_구간,38.6
2024-04-13,20,범안로,범안로_구간,41.1
2024-04-13,21,범안로,범안로_구간,46.6
2024-04-13,22,범안로,범안로_구간,46.6
2024-04-13,23,범안로,범안로_구간,47.9
2024-04-13,00,중앙대로,중앙대로_구간,44.8
2024-04-13,01,중앙대로,중앙대로_구간,44.0
2024-04-13,02,중앙대로,중앙대로_구간,46.0
2024-04-13,03,중앙대로,중앙대로_구간,44.1
2024-04-13,04,중앙대로,중앙대로_구간,45.1
2024-04-13,05,중앙대로,중앙대로_구간,45.1
2024-04-13,06,중앙대로,중앙대로_구간,38.1
2024-04-13,07,중앙대로,중앙대로_구간,38.1
2024-04-13,08,중앙대로,중앙대로_구간,33.9
2024-04-13,09,중앙대로,중앙대로_구간,32.6
2024-04-13,10,중앙대로,중앙대로_구간,30.9
2024-04-13,11,중앙대로,중앙대로_구간,28.1
2024-04-13,12,중앙대로,중앙대로_구간,26.1
2024-04-13,13,중앙대로,중앙대로_구간,25.7
2024-04-13,14,중앙대로,중앙대로_구간,21.8
2024-04-13,15,중앙대로,중앙대로_구간,27.5
2024-04-13,16,중앙대로,중앙대로_구간,27.3
2024-04-13,17,중앙대로,중앙대로_구간,36.1
2024-04-13,18,중앙대로,중앙대로_구간,31.2
2024-04-13,19,중앙대로,중앙대로_구간,34.1
2024-04-13,20,중앙대로,중앙대로_구간,35.7
2024-04-13,21,중앙대로,중앙대로_구간,44.1
2024-04-13,22,중앙대로,중앙대로_구간,46.0
2024-04-13,23,중앙대로,중앙대로_구간,45.5
2024-04-13,00,안심로,안심로_구간,47.6
2024-04-13,01,안심로,안심로_구간,49.4
2024-04-13,02,안심로,안심로_구간,46.0
2024-04-13,03,안심로,안심로_구간,49.6
2024-04-13,04,안심로,안심로_구간,47.5
2024-04-13,05,안심로,안심로_구간,45.2
2024-04-13,06,안심로,안심로_구간,39.6
2024-04-13,07,안심로,안심로_구간,40.2
2024-04-13,08,안심로,안심로_구간,41.2
2024-04-13,09,안심로,안심로_구간,40.2
2024-04-13,10,안심로,안심로_구간,38.0
2024-04-13,11,안심로,안심로_구간,31.1
2024-04-13,12,안심로,안심로_구간,32.5
2024-04-13,13,안심로,안심로_구간,31.8
2024-04-13,14,안심로,안심로_구간,25.0
2024-04-13,15,안심로,안심로_구간,30.0
2024-04-13,16,안심로,안심로_구간,33.5
2024-04-13,17,안심로,안심로_구간,34.5
2024-04-13,18,안심로,안심로_구간,32.7
2024-04-13,19,안심로,안심로_구간,37.4
2024-04-13,20,안심로,안심로_구간,41.4
2024-04-13,21,안심로,안심로_구간,44.7
2024-04-13,22,안심로,안심로_구간,47.0
2024-04-13,23,안심로,안심로_구간,48.2
2024-04-13,00,앞산순환로,앞산순환로_구간,49.9
2024-04-13,01,앞산순환로,앞산순환로_구간,49.8
2024-04-13,02,앞산순환로,앞산순환로_구간,47.5
2024-04-13,03,앞산순환로,앞산순환로_구간,46.3
2024-04-13,04,앞산순환로,앞산순환로_구간,46.2
2024-04-13,05,앞산순환로,앞산순환로_구간,41.5
2024-04-13,06,앞산순환로,앞산순환로_구간,44.9
2024-04-13,07,앞산순환로,앞산순환로_구간,42.0
2024-04-13,08,앞산순환로,앞산순환로_구간,40.1
2024-04-13,09,앞산순환로,앞산순환로_구간,39.7
2024-04-13,10,앞산순환로,앞산순환로_구간,32.5
2024-04-13,11,앞산순환로,앞산순환로_구간,30.4
2024-04-13,12,앞산순환로,앞산순환로_구간,32.5
2024-04-13,13,앞산순환로,앞산순환로_구간,30.0
2024-04-13,14,앞산순환로,앞산순환로_구간,28.3
2024-04-13,15,앞산순환로,앞산순환로_구간,29.2
2024-04-13,16,앞산순환로,앞산순환로_구간,34.2
2024-04-13,17,앞산순환로,앞산순환로_구간,36.7
2024-04-13,18,앞산순환로,앞산순환로_구간,36.9
2024-04-13,19,앞산순환로,앞산순환로_구간,37.5
2024-04-13,20,앞산순환로,앞산순환로_구간,38.2
2024-04-13,21,앞산순환로,앞산순환로_구간,46.4
2024-04-13,22,앞산순환로,앞산순환로_구간,50.2
2024-04-13,23,앞산순환로,앞산순환로_구간,50.2
2024-04-13,00,달서대로,달서대로_구간,48.4
2024-04-13,01,달서대로,달서대로_구간,50.2
2024-04-13,02,달서대로,달서대로_구간,49.5
2024-04-13,03,달서대로,달서대로_구간,49.8
2024-04-13,04,달서대로,달서대로_구간,44.4
2024-04-13,05,달서대로,달서대로_구간,44.6
2024-04-13,06,달서대로,달서대로_구간,45.3
2024-04-13,07,달서대로,달서대로_구간,42.1
2024-04-13,08,달서대로,달서대로_구간,38.0
2024-04-13,09,달서대로,달서대로_구간,38.7
2024-04-13,10,달서대로,달서대로_구간,37.0
2024-04-13,11,달서대로,달서대로_구간,34.2
2024-04-13,12,달서대로,달서대로_구간,32.4
2024-04-13,13,달서대로,달서대로_구간,29.5
2024-04-13,14,달서대로,달서대로_구간,30.7
2024-04-13,15,달서대로,달서대로_구간,28.4
2024-04-13,16,달서대로,달서대로_구간,31.9
2024-04-13,17,달서대로,달서대로_구간,35.0
2024-04-13,18,달서대로,달서대로_구간,37.6
2024-04-13,19,달서대로,달서대로_구간,35.3
2024-04-13,20,달서대로,달서대로_구간,39.6
2024-04-13,21,달서대로,달서대로_구간,41.3
2024-04-13,22,달서대로,달서대로_구간,48.1
2024-04-13,23,달서대로,달서대로_구간,47.0
2024-04-13,00,동북로,동북로_구간,49.3
2024-04-13,01,동북로,동북로_구간,50.2
2024-04-13,02,동북로,동북로_구간,46.8
2024-04-13,03,동북로,동북로_구간,47.4
2024-04-13,04,동북로,동북로_구간,45.5
2024-04-13,05,동북로,동북로_구간,46.2
2024-04-13,06,동북로,동북로_구간,44.9
2024-04-13,07,동북로,동북로_구간,40.8
2024-04-13,08,동북로,동북로_구간,39.7
2024-04-13,09,동북로,동북로_구간,39.9
2024-04-13,10,동북로,동북로_구간,36.7
2024-04-13,11,동북로,동북로_구간,31.5
2024-04-13,12,동북로,동북로_구간,33.2
2024-04-13,13,동북로,동북로_구간,28.0
2024-04-13,14,동북로,동북로_구간,30.5
2024-04-13,15,동북로,동북로_구간,31.8
2024-04-13,16,동북로,동북로_구간,33.5
2024-04-13,17,동북로,동북로_구간,35.3
2024-04-13,18,동북로,동북로_구간,35.6
2024-04-13,19,동북로,동북로_구간,39.2
2024-04-13,20,동북로,동북로_구간,41.3
2024-04-13,21,동북로,동북로_구간,45.4
2024-04-13,22,동북로,동북로_구간,49.6
2024-04-13,23,동북로,동북로_구간,48.0
2024-04-13,00,성서공단로,성서공단로_구간,48.9
2024-04-13,01,성서공단로,성서공단로_구간,46.9
2024-04-13,02,성서공단로,성서공단로_구간,46.1
2024-04-13,03,성서공단로,성서공단로_구간,43.7
2024-04-13,04,성서공단로,성서공단로_구간,47.3
2024-04-13,05,성서공단로,성서공단로_구간,48.3
2024-04-13,06,성서공단로,성서공단로_구간,46.6
2024-04-13,07,성서공단로,성서공단로_구간,39.1
2024-04-13,08,성서공단로,성서공단로_구간,41.3
2024-04-13,09,성서공단로,성서공단로_구간,40.6
2024-04-13,10,성서공단로,성서공단로_구간,35.2
2024-04-13,11,성서공단로,성서공단로_구간,34.2
2024-04-13,12,성서공단로,성서공단로_구간,28.4
2024-04-13,13,성서공단로,성서공단로_구간,30.5
2024-04-13,14,성서공단로,성서공단로_구간,26.1
2024-04-13,15,성서공단로,성서공단로_구간,30.4
2024-04-13,16,성서공단로,성서공단로_구간,30.2
2024-04-13,17,성서공단로,성서공단로_구간,36.0
2024-04-13,18,성서공단로,성서공단로_구간,37.8
2024-04-13,19,성서공단로,성서공단로_구간,36.6
2024-04-13,20,성서공단로,성서공단로_구간,40.0
2024-04-13,21,성서공단로,성서공단로_구간,41.1
2024-04-13,22,성서공단로,성서공단로_구간,47.5
2024-04-13,23,성서공단로,성서공단로_구간,48.0
2024-04-13,00,호국로,호국로_구간,47.2
2024-04-13,01,호국로,호국로_구간,49.8
2024-04-13,02,호국로,호국로_구간,47.2
2024-04-13,03,호국로,호국로_구간,45.1
2024-04-13,04,호국로,호국로_구간,45.0
2024-04-13,05,호국로,호국로_구간,46.9
2024-04-13,06,호국로,호국로_구간,45.1
2024-04-13,07,호국로,호국로_구간,41.8
2024-04-13,08,호국로,호국로_구간,41.1
2024-04-13,09,호국로,호국로_구간,35.9
2024-04-13,10,호국로,호국로_구간,36.1
2024-04-13,11,호국로,호국로_구간,34.3
2024-04-13,12,호국로,호국로_구간,31.2
2024-04-13,13,호국로,호국로_구간,30.8
2024-04-13,14,호국로,호국로_구간,26.6
2024-04-13,15,호국로,호국로_구간,30.9
2024-04-13,16,호국로,호국로_구간,34.0
2024-04-13,17,호국로,호국로_구간,29.7
2024-04-13,18,호국로,호국로_구간,38.1
2024-04-13,19,호국로,호국로_구간,32.5
2024-04-13,20,호국로,호국로_구간,40.9
2024-04-13,21,호국로,호국로_구간,46.8
2024-04-13,22,호국로,호국로_구간,47.4
2024-04-13,23,호국로,호국로_구간,46.4
2024-04-13,00,화랑로,화랑로_구간,48.0
2024-04-13,01,화랑로,화랑로_구간,50.8
2024-04-13,02,화랑로,화랑로_구간,44.5
2024-04-13,03,화랑로,화랑로_구간,49.0
2024-04-13,04,화랑로,화랑로_구간,45.9
2024-04-13,05,화랑로,화랑로_구간,42.9
2024-04-13,06,화랑로,화랑로_구간,43.0
2024-04-13,07,화랑로,화랑로_구간,40.2
2024-04-13,08,화랑로,화랑로_구간,41.6
2024-04-13,09,화랑로,화랑로_구간,39.3
2024-04-13,10,화랑로,화랑로_구간,32.9
2024-04-13,11,화랑로,화랑로_구간,33.3
2024-04-13,12,화랑로,화랑로_구간,30.4
2024-04-13,13,화랑로,화랑로_구간,32.3
2024-04-13,14,화랑로,화랑로_구간,25.6
2024-04-13,15,화랑로,화랑로_구간,32.9
2024-04-13,16,화랑로,화랑로_구간,32.9
2024-04-13,17,화랑로,화랑로_구간,32.9
2024-04-13,18,화랑로,화랑로_구간,34.8
2024-04-13,19,화랑로,화랑로_구간,36.6
2024-04-13,20,화랑로,화랑로_구간,39.7
2024-04-13,21,화랑로,화랑로_구간,45.2
2024-04-13,22,화랑로,화랑로_구간,45.8
2024-04-13,23,화랑로,화랑로_구간,45.1
2024-04-13,00,동대구로,동대구로_구간,45.3
2024-04-13,01,동대구로,동대구로_구간,41.8
2024-04-13,02,동대구로,동대구로_구간,42.6
2024-04-13,03,동대구로,동대구로_구간,41.4
2024-04-13,04,동대구로,동대구로_구간,40.4
2024-04-13,05,동대구로,동대구로_구간,44.6
2024-04-13,06,동대구로,동대구로_구간,40.1
2024-04-13,07,동대구로,동대구로_구간,38.4
2024-04-13,08,동대구로,동대구로_구간,32.8
2024-04-13,09,동대구로,동대구로_구간,32.8
2024-04-13,10,동대구로,동대구로_구간,32.4
2024-04-13,11,동대구로,동대구로_구간,28.2
2024-04-13,12,동대구로,동대구로_구간,29.6
2024-04-13,13,동대구로,동대구로_구간,23.8
2024-04-13,14,동대구로,동대구로_구간,23.5
2024-04-13,15,동대구로,동대구로_구간,24.9
2024-04-13,16,동대구로,동대구로_구간,29.3
2024-04-13,17,동대구로,동대구로_구간,29.8
2024-04-13,18,동대구로,동대구로_구간,31.5
2024-04-13,19,동대구로,동대구로_구간,33.6
2024-04-13,20,동대구로,동대구로_구간,36.7
2024-04-13,21,동대구로,동대구로_구간,41.9
2024-04-13,22,동대구로,동대구로_구간,44.4
2024-04-13,23,동대구로,동대구로_구간,44.8
2024-04-13,00,명덕로,명덕로_구간,45.2
2024-04-13,01,명덕로,명덕로_구간,46.4
2024-04-13,02,명덕로,명덕로_구간,43.6
2024-04-13,03,명덕로,명덕로_구간,42.4
2024-04-13,04,명덕로,명덕로_구간,42.2
2024-04-13,05,명덕로,명덕로_구간,44.1
2024-04-13,06,명덕로,명덕로_구간,37.6
2024-04-13,07,명덕로,명덕로_구간,39.4
2024-04-13,08,명덕로,명덕로_구간,32.6
2024-04-13,09,명덕로,명덕로_구간,34.4
2024-04-13,10,명덕로,명덕로_구간,34.8
2024-04-13,11,명덕로,명덕로_구간,30.9
2024-04-13,12,명덕로,명덕로_구간,28.3
2024-04-13,13,명덕로,명덕로_구간,25.0
2024-04-13,14,명덕로,명덕로_구간,24.1
2024-04-13,15,명덕로,명덕로_구간,25.5
2024-04-13,16,명덕로,명덕로_구간,27.6
2024-04-13,17,명덕로,명덕로_구간,30.5
2024-04-13,18,명덕로,명덕로_구간,32.4
2024-04-13,19,명덕로,명덕로_구간,32.6
2024-04-13,20,명덕로,명덕로_구간,36.5
2024-04-13,21,명덕로,명덕로_구간,38.6
2024-04-13,22,명덕로,명덕로_구간,44.7
2024-04-13,23,명덕로,명덕로_구간,46.0
2024-04-13,00,한티로,한티로_구간,50.4
2024-04-13,01,한티로,한티로_구간,50.7
2024-04-13,02,한티로,한티로_구간,48.2
2024-04-13,03,한티로,한티로_구간,47.7
2024-04-13,04,한티로,한티로_구간,46.5
2024-04-13,05,한티로,한티로_구간,44.8
2024-04-13,06,한티로,한티로_구간,43.0
2024-04-13,07,한티로,한티로_구간,46.0
2024-04-13,08,한티로,한티로_구간,39.2
2024-04-13,09,한티로,한티로_구간,36.8
2024-04-13,10,한티로,한티로_구간,36.8
2024-04-13,11,한티로,한티로_구간,34.5
2024-04-13,12,한티로,한티로_구간,29.5
2024-04-13,13,한티로,한티로_구간,32.0
2024-04-13,14,한티로,한티로_구간,27.8
2024-04-13,15,한티로,한티로_구간,28.0
2024-04-13,16,한티로,한티로_구간,35.1
2024-04-13,17,한티로,한티로_구간,36.1
2024-04-13,18,한티로,한티로_구간,33.7
2024-04-13,19,한티로,한티로_구간,41.2
2024-04-13,20,한티로,한티로_구간,43.2
2024-04-13,21,한티로,한티로_구간,45.0
2024-04-13,22,한티로,한티로_구간,50.9
2024-04-13,23,한티로,한티로_구간,49.3
2024-04-13,00,대경로,대경로_구간,49.9
2024-04-13,01,대경로,대경로_구간,47.8
2024-04-13,02,대경로,대경로_구간,49.0
2024-04-13,03,대경로,대경로_구간,47.9
2024-04-13,04,대경로,대경로_구간,46.0
2024-04-13,05,대경로,대경로_구간,43.6
2024-04-13,06,대경로,대경로_구간,44.2
2024-04-13,07,대경로,대경로_구간,41.9
2024-04-13,08,대경로,대경로_구간,37.6
2024-04-13,09,대경로,대경로_구간,35.4
2024-04-13,10,대경로,대경로_구간,37.0
2024-04-13,11,대경로,대경로_구간,29.3
2024-04-13,12,대경로,대경로_구간,32.4
2024-04-13,13,대경로,대경로_구간,29.1
2024-04-13,14,대경로,대경로_구간,30.4
2024-04-13,15,대경로,대경로_구간,29.1
2024-04-13,16,대경로,대경로_구간,34.2
2024-04-13,17,대경로,대경로_구간,34.3
2024-04-13,18,대경로,대경로_구간,36.2
2024-04-13,19,대경로,대경로_구간,39.3
2024-04-13,20,대경로,대경로_구간,41.2
2024-04-13,21,대경로,대경로_구간,46.8
2024-04-13,22,대경로,대경로_구간,46.2
2024-04-13,23,대경로,대경로_구간,49.5
2024-04-13,00,학정로,학정로_구간,51.7
2024-04-13,01,학정로,학정로_구간,50.2
2024-04-13,02,학정로,학정로_구간,51.4
2024-04-13,03,학정로,학정로_구간,45.6
2024-04-13,04,학정로,학정로_구간,43.5
2024-04-13,05,학정로,학정로_구간,43.2
2024-04-13,06,학정로,학정로_구간,45.2
2024-04-13,07,학정로,학정로_구간,42.9
2024-04-13,08,학정로,학정로_구간,40.2
2024-04-13,09,학정로,학정로_구간,36.0
2024-04-13,10,학정로,학정로_구간,37.4
2024-04-13,11,학정로,학정로_구간,31.8
2024-04-13,12,학정로,학정로_구간,34.1
2024-04-13,13,학정로,학정로_구간,35.1
2024-04-13,14,학정로,학정로_구간,28.7
2024-04-13,15,학정로,학정로_구간,31.0
2024-04-13,16,학정로,학정로_구간,32.1
2024-04-13,17,학정로,학정로_구간,31.7
2024-04-13,18,학정로,학정로_구간,34.9
2024-04-13,19,학정로,학정로_구간,36.0
2024-04-13,20,학정로,학정로_구간,39.4
2024-04-13,21,학정로,학정로_구간,48.1
2024-04-13,22,학정로,학정로_구간,48.5
2024-04-13,23,학정로,학정로_구간,49.7
2024-04-13,00,구암로,구암로_구간,49.4
2024-04-13,01,구암로,구암로_구간,48.7
2024-04-13,02,구암로,구암로_구간,49.7
2024-04-13,03,구암로,구암로_구간,46.9
2024-04-13,04,구암로,구암로_구간,47.0
2024-04-13,05,구암로,구암로_구간,44.6
2024-04-13,06,구암로,구암로_구간,43.4
2024-04-13,07,구암로,구암로_구간,39.5
2024-04-13,08,구암로,구암로_구간,36.4
2024-04-13,09,구암로,구암로_구간,37.5
2024-04-13,10,구암로,구암로_구간,36.1
2024-04-13,11,구암로,구암로_구간,31.7
2024-04-13,12,구암로,구암로_구간,31.9
2024-04-13,13,구암로,구암로_구간,30.1
2024-04-13,14,구암로,구암로_구간,24.1
2024-04-13,15,구암로,구암로_구간,28.4
2024-04-13,16,구암로,구암로_구간,33.7
2024-04-13,17,구암로,구암로_구간,35.7
2024-04-13,18,구암로,구암로_구간,33.9
2024-04-13,19,구암로,구암로_구간,38.3
2024-04-13,20,구암로,구암로_구간,43.8
2024-04-13,21,구암로,구암로_구간,46.4
2024-04-13,22,구암로,구암로_구간,47.8
2024-04-13,23,구암로,구암로_구간,48.2
2024-04-13,00,상화로,상화로_구간,48.9
2024-04-13,01,상화로,상화로_구간,49.8
2024-04-13,02,상화로,상화로_구간,48.4
2024-04-13,03,상화로,상화로_구간,48.1
2024-04-13,04,상화로,상화로_구간,46.2
2024-04-13,05,상화로,상화로_구간,46.5
2024-04-13,06,상화로,상화로_구간,44.2
2024-04-13,07,상화로,상화로_구간,43.4
2024-04-13,08,상화로,상화로_구간,41.6
2024-04-13,09,상화로,상화로_구간,36.6
2024-04-13,10,상화로,상화로_구간,32.7
2024-04-13,11,상화로,상화로_구간,36.8
2024-04-13,12,상화로,상화로_구간,32.5
2024-04-13,13,상화로,상화로_구간,26.9
2024-04-13,14,상화로,상화로_구간,26.7
2024-04-13,15,상화로,상화로_구간,31.4
2024-04-13,16,상화로,상화로_구간,32.5
2024-04-13,17,상화로,상화로_구간,34.1
2024-04-13,18,상화로,상화로_구간,38.5
2024-04-13,19,상화로,상화로_구간,36.1
2024-04-13,20,상화로,상화로_구간,40.6
2024-04-13,21,상화로,상화로_구간,45.4
2024-04-13,22,상화로,상화로_구간,48.7
2024-04-13,23,상화로,상화로_구간,49.9
2024-04-13,00,청수로,청수로_구간,51.6
2024-04-13,01,청수로,청수로_구간,49.4
2024-04-13,02,청수로,청수로_구간,48.9
2024-04-13,03,청수로,청수로_구간,46.5
2024-04-13,04,청수로,청수로_구간,46.1
2024-04-13,05,청수로,청수로_구간,45.2
2024-04-13,06,청수로,청수로_구간,44.4
2024-04-13,07,청수로,청수로_구간,43.4
2024-04-13,08,청수로,청수로_구간,41.0
2024-04-13,09,청수로,청수로_구간,38.1
2024-04-13,10,청수로,청수로_구간,34.5
2024-04-13,11,청수로,청수로_구간,34.1
2024-04-13,12,청수로,청수로_구간,31.9
2024-04-13,13,청수로,청수로_구간,30.3
2024-04-13,14,청수로,청수로_구간,32.0
2024-04-13,15,청수로,청수로_구간,29.1
2024-04-13,16,청수로,청수로_구간,33.8
2024-04-13,17,청수로,청수로_구간,36.9
2024-04-13,18,청수로,청수로_구간,36.2
2024-04-13,19,청수로,청수로_구간,42.2
2024-04-13,20,청수로,청수로_구간,41.3
2024-04-13,21,청수로,청수로_구간,45.6
2024-04-13,22,청수로,청수로_구간,46.6
2024-04-13,23,청수로,청수로_구간,48.4
2024-04-13,00,반야월로,반야월로_구간,50.4
2024-04-13,01,반야월로,반야월로_구간,50.5
2024-04-13,02,반야월로,반야월로_구간,48.6
2024-04-13,03,반야월로,반야월로_구간,49.3
2024-04-13,04,반야월로,반야월로_구간,45.8
2024-04-13,05,반야월로,반야월로_구간,44.4
2024-04-13,06,반야월로,반야월로_구간,48.9
2024-04-13,07,반야월로,반야월로_구간,42.7
2024-04-13,08,반야월로,반야월로_구간,38.7
2024-04-13,09,반야월로,반야월로_구간,36.8
2024-04-13,10,반야월로,반야월로_구간,34.3
2024-04-13,11,반야월로,반야월로_구간,35.7
2024-04-13,12,반야월로,반야월로_구간,31.3
2024-04-13,13,반야월로,반야월로_구간,30.2
2024-04-13,14,반야월로,반야월로_구간,27.9
2024-04-13,15,반야월로,반야월로_구간,31.3
2024-04-13,16,반야월로,반야월로_구간,31.5
2024-04-13,17,반야월로,반야월로_구간,33.1
2024-04-13,18,반야월로,반야월로_구간,36.4
2024-04-13,19,반야월로,반야월로_구간,39.1
2024-04-13,20,반야월로,반야월로_구간,42.6
2024-04-13,21,반야월로,반야월로_구간,43.5
2024-04-13,22,반야월로,반야월로_구간,49.2
2024-04-13,23,반야월로,반야월로_구간,47.7
2024-04-13,00,성서로,성서로_구간,49.1
2024-04-13,01,성서로,성서로_구간,47.3
2024-04-13,02,성서로,성서로_구간,50.3
2024-04-13,03,성서로,성서로_구간,48.1
2024-04-13,04,성서로,성서로_구간,47.1
2024-04-13,05,성서로,성서로_구간,47.2
2024-04-13,06,성서로,성서로_구간,49.1
2024-04-13,07,성서로,성서로_구간,38.9
2024-04-13,08,성서로,성서로_구간,38.7
2024-04-13,09,성서로,성서로_구간,36.9
2024-04-13,10,성서로,성서로_구간,34.5
2024-04-13,11,성서로,성서로_구간,32.1
2024-04-13,12,성서로,성서로_구간,31.5
2024-04-13,13,성서로,성서로_구간,27.8
2024-04-13,14,성서로,성서로_구간,28.6
2024-04-13,15,성서로,성서로_구간,30.1
2024-04-13,16,성서로,성서로_구간,33.9
2024-04-13,17,성서로,성서로_구간,35.9
2024-04-13,18,성서로,성서로_구간,37.1
2024-04-13,19,성서로,성서로_구간,37.3
2024-04-13,20,성서로,성서로_구간,45.8
2024-04-13,21,성서로,성서로_구간,45.4
2024-04-13,22,성서로,성서로_구간,44.6
2024-04-13,23,성서로,성서로_구간,47.2
2024-04-13,00,평리로,평리로_구간,46.9
2024-04-13,01,평리로,평리로_구간,49.0
2024-04-13,02,평리로,평리로_구간,47.8
2024-04-13,03,평리로,평리로_구간,46.2
2024-04-13,04,평리로,평리로_구간,49.6
2024-04-13,05,평리로,평리로_구간,46.0
2024-04-13,06,평리로,평리로_구간,45.3
2024-04-13,07,평리로,평리로_구간,40.3
2024-04-13,08,평리로,평리로_구간,38.2
2024-04-13,09,평리로,평리로_구간,38.1
2024-04-13,10,평리로,평리로_구간,36.3
2024-04-13,11,평리로,평리로_구간,30.7
2024-04-13,12,평리로,평리로_구간,31.7
2024-04-13,13,평리로,평리로_구간,30.0
2024-04-13,14,평리로,평리로_구간,27.6
2024-04-13,15,평리로,평리로_구간,28.5
2024-04-13,16,평리로,평리로_구간,32.0
2024-04-13,17,평리로,평리로_구간,34.7
2024-04-13,18,평리로,평리로_구간,36.2
2024-04-13,19,평리로,평리로_구간,39.1
2024-04-13,20,평리로,평리로_구간,43.9
2024-04-13,21,평리로,평리로_구간,44.5
2024-04-13,22,평리로,평리로_구간,47.2
2024-04-13,23,평리로,평리로_구간,49.8
2024-04-13,00,선원로,선원로_구간,51.1
2024-04-13,01,선원로,선원로_구간,48.2
2024-04-13,02,선원로,선원로_구간,49.4
2024-04-13,03,선원로,선원로_구간,48.8
2024-04-13,04,선원로,선원로_구간,48.3
2024-04-13,05,선원로,선원로_구간,48.2
2024-04-13,06,선원로,선원로_구간,42.4
2024-04-13,07,선원로,선원로_구간,42.0
2024-04-13,08,선원로,선원로_구간,40.0
2024-04-13,09,선원로,선원로_구간,37.8
2024-04-13,10,선원로,선원로_구간,34.8
2024-04-13,11,선원로,선원로_구간,31.3
2024-04-13,12,선원로,선원로_구간,32.2
2024-04-13,13,선원로,선원로_구간,28.6
2024-04-13,14,선원로,선원로_구간,28.2
2024-04-13,15,선원로,선원로_구간,28.6
2024-04-13,16,선원로,선원로_구간,31.0
2024-04-13,17,선원로,선원로_구간,35.4
2024-04-13,18,선원로,선원로_구간,36.3
2024-04-13,19,선원로,선원로_구간,39.0
2024-04-13,20,선원로,선원로_구간,45.9
2024-04-13,21,선원로,선원로_구간,45.5
2024-04-13,22,선원로,선원로_구간,48.9
2024-04-13,23,선원로,선원로_구간,47.1
2024-04-13,00,테크노폴리스로,테크노폴리스로_구간,47.7
2024-04-13,01,테크노폴리스로,테크노폴리스로_구간,51.8
2024-04-13,02,테크노폴리스로,테크노폴리스로_구간,46.3
2024-04-13,03,테크노폴리스로,테크노폴리스로_구간,45.1
2024-04-13,04,테크노폴리스로,테크노폴리스로_구간,45.9
2024-04-13,05,테크노폴리스로,테크노폴리스로_구간,44.8
2024-04-13,06,테크노폴리스로,테크노폴리스로_구간,42.4
2024-04-13,07,테크노폴리스로,테크노폴리스로_구간,41.5
2024-04-13,08,테크노폴리스로,테크노폴리스로_구간,42.2
2024-04-13,09,테크노폴리스로,테크노폴리스로_구간,36.5
2024-04-13,10,테크노폴리스로,테크노폴리스로_구간,33.5
2024-04-13,11,테크노폴리스로,테크노폴리스로_구간,35.7
2024-04-13,12,테크노폴리스로,테크노폴리스로_구간,32.9
2024-04-13,13,테크노폴리스로,테크노폴리스로_구간,28.9
2024-04-13,14,테크노폴리스로,테크노폴리스로_구간,25.2
2024-04-13,15,테크노폴리스로,테크노폴리스로_구간,28.7
2024-04-13,16,테크노폴리스로,테크노폴리스로_구간,32.9
2024-04-13,17,테크노폴리스로,테크노폴리스로_구간,37.1
2024-04-13,18,테크노폴리스로,테크노폴리스로_구간,34.1
2024-04-13,19,테크노폴리스로,테크노폴리스로_구간,37.8
2024-04-13,20,테크노폴리스로,테크노폴리스로_구간,43.2
2024-04-13,21,테크노폴리스로,테크노폴리스로_구간,40.7
2024-04-13,22,테크노폴리스로,테크노폴리스로_구간,49.9
2024-04-13,23,테크노폴리스로,테크노폴리스로_구간,46.9
2024-04-13,00,도군로,도군로_구간,50.6
2024-04-13,01,도군로,도군로_구간,49.4
2024-04-13,02,도군로,도군로_구간,50.0
2024-04-13,03,도군로,도군로_구간,48.0
2024-04-13,04,도군로,도군로_구간,41.7
2024-04-13,05,도군로,도군로_구간,43.6
2024-04-13,06,도군로,도군로_구간,44.2
2024-04-13,07,도군로,도군로_구간,41.6
2024-04-13,08,도군로,도군로_구간,40.9
2024-04-13,09,도군로,도군로_구간,39.4
2024-04-13,10,도군로,도군로_구간,37.1
2024-04-13,11,도군로,도군로_구간,33.6
2024-04-13,12,도군로,도군로_구간,28.7
2024-04-13,13,도군로,도군로_구간,29.2
2024-04-13,14,도군로,도군로_구간,28.7
2024-04-13,15,도군로,도군로_구간,28.0
2024-04-13,16,도군로,도군로_구간,34.1
2024-04-13,17,도군로,도군로_구간,36.6
2024-04-13,18,도군로,도군로_구간,36.2
2024-04-13,19,도군로,도군로_구간,32.5
2024-04-13,20,도군로,도군로_구간,39.7
2024-04-13,21,도군로,도군로_구간,48.4
2024-04-13,22,도군로,도군로_구간,47.0
2024-04-13,23,도군로,도군로_구간,45.4
2024-04-13,00,이시아강변로,이시아강변로_구간,52.2
2024-04-13,01,이시아강변로,이시아강변로_구간,49.0
2024-04-13,02,이시아강변로,이시아강변로_구간,50.0
2024-04-13,03,이시아강변로,이시아강변로_구간,47.5
2024-04-13,04,이시아강변로,이시아강변로_구간,46.8
2024-04-13,05,이시아강변로,이시아강변로_구간,45.7
2024-04-13,06,이시아강변로,이시아강변로_구간,45.3
2024-04-13,07,이시아강변로,이시아강변로_구간,46.1
2024-04-13,08,이시아강변로,이시아강변로_구간,41.7
2024-04-13,09,이시아강변로,이시아강변로_구간,35.2
2024-04-13,10,이시아강변로,이시아강변로_구간,36.8
2024-04-13,11,이시아강변로,이시아강변로_구간,36.1
2024-04-13,12,이시아강변로,이시아강변로_구간,34.2
2024-04-13,13,이시아강변로,이시아강변로_구간,29.2
2024-04-13,14,이시아강변로,이시아강변로_구간,30.1
2024-04-13,15,이시아강변로,이시아강변로_구간,31.7
2024-04-13,16,이시아강변로,이시아강변로_구간,37.6
2024-04-13,17,이시아강변로,이시아강변로_구간,33.6
2024-04-13,18,이시아강변로,이시아강변로_구간,35.1
2024-04-13,19,이시아강변로,이시아강변로_구간,37.4
2024-04-13,20,이시아강변로,이시아강변로_구간,41.1
2024-04-13,21,이시아강변로,이시아강변로_구간,43.4
2024-04-13,22,이시아강변로,이시아강변로_구간,43.0
2024-04-13,23,이시아강변로,이시아강변로_구간,48.2
2024-04-13,00,당산로,당산로_구간,50.7
2024-04-13,01,당산로,당산로_구간,48.1
2024-04-13,02,당산로,당산로_구간,51.5
2024-04-13,03,당산로,당산로_구간,47.0
2024-04-13,04,당산로,당산로_구간,48.3
2024-04-13,05,당산로,당산로_구간,45.5
2024-04-13,06,당산로,당산로_구간,45.5
2024-04-13,07,당산로,당산로_구간,42.5
2024-04-13,08,당산로,당산로_구간,42.5
2024-04-13,09,당산로,당산로_구간,38.1
2024-04-13,10,당산로,당산로_구간,36.9
2024-04-13,11,당산로,당산로_구간,34.7
2024-04-13,12,당산로,당산로_구간,31.5
2024-04-13,13,당산로,당산로_구간,30.7
2024-04-13,14,당산로,당산로_구간,32.0
2024-04-13,15,당산로,당산로_구간,29.5
2024-04-13,16,당산로,당산로_구간,33.8
2024-04-13,17,당산로,당산로_구간,37.3
2024-04-13,18,당산로,당산로_구간,38.1
2024-04-13,19,당산로,당산로_구간,38.0
2024-04-13,20,당산로,당산로_구간,37.7
2024-04-13,21,당산로,당산로_구간,45.9
2024-04-13,22,당산로,당산로_구간,44.0
2024-04-13,23,당산로,당산로_구간,51.6
2024-04-13,00,매천로,매천로_구간,50.3
2024-04-13,01,매천로,매천로_구간,50.8
2024-04-13,02,매천로,매천로_구간,46.4
2024-04-13,03,매천로,매천로_구간,44.2
2024-04-13,04,매천로,매천로_구간,46.5
2024-04-13,05,매천로,매천로_구간,44.9
2024-04-13,06,매천로,매천로_구간,43.1
2024-04-13,07,매천로,매천로_구간,42.2
2024-04-13,08,매천로,매천로_구간,45.0
2024-04-13,09,매천로,매천로_구간,39.5
2024-04-13,10,매천로,매천로_구간,37.9
2024-04-13,11,매천로,매천로_구간,35.5
2024-04-13,12,매천로,매천로_구간,34.7
2024-04-13,13,매천로,매천로_구간,29.7
2024-04-13,14,매천로,매천로_구간,24.3
2024-04-13,15,매천로,매천로_구간,29.7
2024-04-13,16,매천로,매천로_구간,34.5
2024-04-13,17,매천로,매천로_구간,33.3
2024-04-13,18,매천로,매천로_구간,35.7
2024-04-13,19,매천로,매천로_구간,36.8
2024-04-13,20,매천로,매천로_구간,44.7
2024-04-13,21,매천로,매천로_구간,46.3
2024-04-13,22,매천로,매천로_구간,49.2
2024-04-13,23,매천로,매천로_구간,50.1
2024-04-13,00,월배로,월배로_구간,49.9
2024-04-13,01,월배로,월배로_구간,49.4
2024-04-13,02,월배로,월배로_구간,45.9
2024-04-13,03,월배로,월배로_구간,43.1
2024-04-13,04,월배로,월배로_구간,46.3
2024-04-13,05,월배로,월배로_구간,45.6
2024-04-13,06,월배로,월배로_구간,46.2
2024-04-13,07,월배로,월배로_구간,44.8
2024-04-13,08,월배로,월배로_구간,42.8
2024-04-13,09,월배로,월배로_구간,36.2
2024-04-13,10,월배로,월배로_구간,35.4
2024-04-13,11,월배로,월배로_구간,34.9
2024-04-13,12,월배로,월배로_구간,36.6
2024-04-13,13,월배로,월배로_구간,32.7
2024-04-13,14,월배로,월배로_구간,30.0
2024-04-13,15,월배로,월배로_구간,29.3
2024-04-13,16,월배로,월배로_구간,31.4
2024-04-13,17,월배로,월배로_구간,36.4
2024-04-13,18,월배로,월배로_구간,34.0
2024-04-13,19,월배로,월배로_구간,37.6
2024-04-13,20,월배로,월배로_구간,41.8
2024-04-13,21,월배로,월배로_구간,47.9
2024-04-13,22,월배로,월배로_구간,47.4
2024-04-13,23,월배로,월배로_구간,44.6
2024-04-13,00,성서동로,성서동로_구간,50.9
2024-04-13,01,성서동로,성서동로_구간,47.7
2024-04-13,02,성서동로,성서동로_구간,48.1
2024-04-13,03,성서동로,성서동로_구간,46.8
2024-04-13,04,성서동로,성서동로_구간,45.5
2024-04-13,05,성서동로,성서동로_구간,46.4
2024-04-13,06,성서동로,성서동로_구간,41.2
2024-04-13,07,성서동로,성서동로_구간,41.1
2024-04-13,08,성서동로,성서동로_구간,41.2
2024-04-13,09,성서동로,성서동로_구간,36.9
2024-04-13,10,성서동로,성서동로_구간,33.1
2024-04-13,11,성서동로,성서동로_구간,35.2
2024-04-13,12,성서동로,성서동로_구간,34.0
2024-04-13,13,성서동로,성서동로_구간,29.9
2024-04-13,14,성서동로,성서동로_구간,24.5
2024-04-13,15,성서동로,성서동로_구간,31.3
2024-04-13,16,성서동로,성서동로_구간,30.0
2024-04-13,17,성서동로,성서동로_구간,35.6
2024-04-13,18,성서동로,성서동로_구간,34.4
2024-04-13,19,성서동로,성서동로_구간,35.9
2024-04-13,20,성서동로,성서동로_구간,41.2
2024-04-13,21,성서동로,성서동로_구간,44.7
2024-04-13,22,성서동로,성서동로_구간,46.8
2024-04-13,23,성서동로,성서동로_구간,50.1
2024-04-13,00,성서공단북로,성서공단북로_구간,49.2
2024-04-13,01,성서공단북로,성서공단북로_구간,50.8
2024-04-13,02,성서공단북로,성서공단북로_구간,48.5
2024-04-13,03,성서공단북로,성서공단북로_구간,45.7
2024-04-13,04,성서공단북로,성서공단북로_구간,44.4
2024-04-13,05,성서공단북로,성서공단북로_구간,42.0
2024-04-13,06,성서공단북로,성서공단북로_구간,44.5
2024-04-13,07,성서공단북로,성서공단북로_구간,41.4
2024-04-13,08,성서공단북로,성서공단북로_구간,35.7
2024-04-13,09,성서공단북로,성서공단북로_구간,37.0
2024-04-13,10,성서공단북로,성서공단북로_구간,34.4
2024-04-13,11,성서공단북로,성서공단북로_구간,36.8
2024-04-13,12,성서공단북로,성서공단북로_구간,28.9
2024-04-13,13,성서공단북로,성서공단북로_구간,27.4
2024-04-13,14,성서공단북로,성서공단북로_구간,30.0
2024-04-13,15,성서공단북로,성서공단북로_구간,32.4
2024-04-13,16,성서공단북로,성서공단북로_구간,31.7
2024-04-13,17,성서공단북로,성서공단북로_구간,33.9
2024-04-13,18,성서공단북로,성서공단북로_구간,37.1
2024-04-13,19,성서공단북로,성서공단북로_구간,33.8
2024-04-13,20,성서공단북로,성서공단북로_구간,38.6
2024-04-13,21,성서공단북로,성서공단북로_구간,44.5
2024-04-13,22,성서공단북로,성서공단북로_구간,50.8
2024-04-13,23,성서공단북로,성서공단북로_구간,48.2
2024-04-13,00,용산로,용산로_구간,50.2
2024-04-13,01,용산로,용산로_구간,51.0
2024-04-13,02,용산로,용산로_구간,51.8
2024-04-13,03,용산로,용산로_구간,46.0
2024-04-13,04,용산로,용산로_구간,46.0
2024-04-13,05,용산로,용산로_구간,48.3
2024-04-13,06,용산로,용산로_구간,41.3
2024-04-13,07,용산로,용산로_구간,43.8
2024-04-13,08,용산로,용산로_구간,38.2
2024-04-13,09,용산로,용산로_구간,38.2
2024-04-13,10,용산로,용산로_구간,35.6
2024-04-13,11,용산로,용산로_구간,32.3
2024-04-13,12,용산로,용산로_구간,30.2
2024-04-13,13,용산로,용산로_구간,30.5
2024-04-13,14,용산로,용산로_구간,29.8
2024-04-13,15,용산로,용산로_구간,29.8
2024-04-13,16,용산로,용산로_구간,33.1
2024-04-13,17,용산로,용산로_구간,36.0
2024-04-13,18,용산로,용산로_구간,34.3
2024-04-13,19,용산로,용산로_구간,39.3
2024-04-13,20,용산로,용산로_구간,43.5
2024-04-13,21,용산로,용산로_구간,49.7
2024-04-13,22,용산로,용산로_구간,47.3
2024-04-13,23,용산로,용산로_구간,48.2
2024-04-13,00,군청로,군청로_구간,51.4
2024-04-13,01,군청로,군청로_구간,50.5
2024-04-13,02,군청로,군청로_구간,47.0
2024-04-13,03,군청로,군청로_구간,46.3
2024-04-13,04,군청로,군청로_구간,47.0
2024-04-13,05,군청로,군청로_구간,43.5
2024-04-13,06,군청로,군청로_구간,43.3
2024-04-13,07,군청로,군청로_구간,42.2
2024-04-13,08,군청로,군청로_구간,41.8
2024-04-13,09,군청로,군청로_구간,36.9
2024-04-13,10,군청로,군청로_구간,32.7
2024-04-13,11,군청로,군청로_구간,30.6
2024-04-13,12,군청로,군청로_구간,29.7
2024-04-13,13,군청로,군청로_구간,27.6
2024-04-13,14,군청로,군청로_구간,27.7
2024-04-13,15,군청로,군청로_구간,27.9
2024-04-13,16,군청로,군청로_구간,31.7
2024-04-13,17,군청로,군청로_구간,33.6
2024-04-13,18,군청로,군청로_구간,35.2
2024-04-13,19,군청로,군청로_구간,40.4
2024-04-13,20,군청로,군청로_구간,43.2
2024-04-13,21,군청로,군청로_구간,45.0
2024-04-13,22,군청로,군청로_구간,47.2
2024-04-13,23,군청로,군청로_구간,48.2
2024-04-13,00,익산포항고속도로,익산포항고속도로_구간,56.6
2024-04-13,01,익산포항고속도로,익산포항고속도로_구간,56.1
2024-04-13,02,익산포항고속도로,익산포항고속도로_구간,52.4
2024-04-13,03,익산포항고속도로,익산포항고속도로_구간,53.1
2024-04-13,04,익산포항고속도로,익산포항고속도로_구간,48.3
2024-04-13,05,익산포항고속도로,익산포항고속도로_구간,51.4
2024-04-13,06,익산포항고속도로,익산포항고속도로_구간,51.4
2024-04-13,07,익산포항고속도로,익산포항고속도로_구간,47.5
2024-04-13,08,익산포항고속도로,익산포항고속도로_구간,49.3
2024-04-13,09,익산포항고속도로,익산포항고속도로_구간,42.4
2024-04-13,10,익산포항고속도로,익산포항고속도로_구간,42.4
2024-04-13,11,익산포항고속도로,익산포항고속도로_구간,39.9
2024-04-13,12,익산포항고속도로,익산포항고속도로_구간,37.8
2024-04-13,13,익산포항고속도로,익산포항고속도로_구간,35.8
2024-04-13,14,익산포항고속도로,익산포항고속도로_구간,34.2
2024-04-13,15,익산포항고속도로,익산포항고속도로_구간,37.5
2024-04-13,16,익산포항고속도로,익산포항고속도로_구간,41.5
2024-04-13,17,익산포항고속도로,익산포항고속도로_구간,41.0
2024-04-13,18,익산포항고속도로,익산포항고속도로_구간,43.5
2024-04-13,19,익산포항고속도로,익산포항고속도로_구간,42.7
2024-04-13,20,익산포항고속도로,익산포항고속도로_구간,49.4
2024-04-13,21,익산포항고속도로,익산포항고속도로_구간,49.6
2024-04-13,22,익산포항고속도로,익산포항고속도로_구간,56.0
2024-04-13,23,익산포항고속도로,익산포항고속도로_구간,59.0
2024-04-13,00,서재로,서재로_구간,49.8
2024-04-13,01,서재로,서재로_구간,45.1
2024-04-13,02,서재로,서재로_구간,47.0
2024-04-13,03,서재로,서재로_구간,49.2
2024-04-13,04,서재로,서재로_구간,47.0
2024-04-13,05,서재로,서재로_구간,45.4
2024-04-13,06,서재로,서재로_구간,45.8
2024-04-13,07,서재로,서재로_구간,42.9
2024-04-13,08,서재로,서재로_구간,42.2
2024-04-13,09,서재로,서재로_구간,39.7
2024-04-13,10,서재로,서재로_구간,38.7
2024-04-13,11,서재로,서재로_구간,34.6
2024-04-13,12,서재로,서재로_구간,33.6
2024-04-13,13,서재로,서재로_구간,29.4
2024-04-13,14,서재로,서재로_구간,26.9
2024-04-13,15,서재로,서재로_구간,33.1
2024-04-13,16,서재로,서재로_구간,33.4
2024-04-13,17,서재로,서재로_구간,36.4
2024-04-13,18,서재로,서재로_구간,36.2
2024-04-13,19,서재로,서재로_구간,36.9
2024-04-13,20,서재로,서재로_구간,42.0
2024-04-13,21,서재로,서재로_구간,47.6
2024-04-13,22,서재로,서재로_구간,49.0
2024-04-13,23,서재로,서재로_구간,45.9
2024-04-13,00,동촌로,동촌로_구간,49.6
2024-04-13,01,동촌로,동촌로_구간,52.2
2024-04-13,02,동촌로,동촌로_구간,47.6
2024-04-13,03,동촌로,동촌로_구간,43.8
2024-04-13,04,동촌로,동촌로_구간,49.4
2024-04-13,05,동촌로,동촌로_구간,46.2
2024-04-13,06,동촌로,동촌로_구간,43.9
2024-04-13,07,동촌로,동촌로_구간,41.3
2024-04-13,08,동촌로,동촌로_구간,41.9
2024-04-13,09,동촌로,동촌로_구간,37.0
2024-04-13,10,동촌로,동촌로_구간,38.1
2024-04-13,11,동촌로,동촌로_구간,35.0
2024-04-13,12,동촌로,동촌로_구간,32.4
2024-04-13,13,동촌로,동촌로_구간,30.3
2024-04-13,14,동촌로,동촌로_구간,27.7
2024-04-13,15,동촌로,동촌로_구간,31.9
2024-04-13,16,동촌로,동촌로_구간,31.4
2024-04-13,17,동촌로,동촌로_구간,32.1
2024-04-13,18,동촌로,동촌로_구간,37.1
2024-04-13,19,동촌로,동촌로_구간,39.1
2024-04-13,20,동촌로,동촌로_구간,42.9
2024-04-13,21,동촌로,동촌로_구간,45.7
2024-04-13,22,동촌로,동촌로_구간,47.4
2024-04-13,23,동촌로,동촌로_구간,50.4
2024-04-13,00,팔공로,팔공로_구간,49.9
2024-04-13,01,팔공로,팔공로_구간,48.1
2024-04-13,02,팔공로,팔공로_구간,47.4
2024-04-13,03,팔공로,팔공로_구간,50.6
2024-04-13,04,팔공로,팔공로_구간,42.9
2024-04-13,05,팔공로,팔공로_구간,45.9
2024-04-13,06,팔공로,팔공로_구간,41.0
2024-04-13,07,팔공로,팔공로_구간,41.8
2024-04-13,08,팔공로,팔공로_구간,39.2
2024-04-13,09,팔공로,팔공로_구간,34.2
2024-04-13,10,팔공로,팔공로_구간,36.7
2024-04-13,11,팔공로,팔공로_구간,33.3
2024-04-13,12,팔공로,팔공로_구간,28.2
2024-04-13,13,팔공로,팔공로_구간,31.5
2024-04-13,14,팔공로,팔공로_구간,30.6
2024-04-13,15,팔공로,팔공로_구간,32.7
2024-04-13,16,팔공로,팔공로_구간,33.6
2024-04-13,17,팔공로,팔공로_구간,35.1
2024-04-13,18,팔공로,팔공로_구간,38.4
2024-04-13,19,팔공로,팔공로_구간,41.0
2024-04-13,20,팔공로,팔공로_구간,44.0
2024-04-13,21,팔공로,팔공로_구간,43.3
2024-04-13,22,팔공로,팔공로_구간,48.4
2024-04-13,23,팔공로,팔공로_구간,49.8
2024-04-13,00,용학로,용학로_구간,46.7
2024-04-13,01,용학로,용학로_구간,49.8
2024-04-13,02,용학로,용학로_구간,52.1
2024-04-13,03,용학로,용학로_구간,48.2
2024-04-13,04,용학로,용학로_구간,48.7
2024-04-13,05,용학로,용학로_구간,45.3
2024-04-13,06,용학로,용학로_구간,43.9
2024-04-13,07,용학로,용학로_구간,42.7
2024-04-13,08,용학로,용학로_구간,38.5
2024-04-13,09,용학로,용학로_구간,36.3
2024-04-13,10,용학로,용학로_구간,38.3
2024-04-13,11,용학로,용학로_구간,36.5
2024-04-13,12,용학로,용학로_구간,30.2
2024-04-13,13,용학로,용학로_구간,31.7
2024-04-13,14,용학로,용학로_구간,27.8
2024-04-13,15,용학로,용학로_구간,30.6
2024-04-13,16,용학로,용학로_구간,33.8
2024-04-13,17,용학로,용학로_구간,36.8
2024-04-13,18,용학로,용학로_구간,36.1
2024-04-13,19,용학로,용학로_구간,40.5
2024-04-13,20,용학로,용학로_구간,42.6
2024-04-13,21,용학로,용학로_구간,46.1
2024-04-13,22,용학로,용학로_구간,46.5
2024-04-13,23,용학로,용학로_구간,52.9
2024-04-13,00,혁신대로,혁신대로_구간,50.8
2024-04-13,01,혁신대로,혁신대로_구간,50.3
2024-04-13,02,혁신대로,혁신대로_구간,45.1
2024-04-13,03,혁신대로,혁신대로_구간,45.5
2024-04-13,04,혁신대로,혁신대로_구간,48.2
2024-04-13,05,혁신대로,혁신대로_구간,45.5
2024-04-13,06,혁신대로,혁신대로_구간,40.6
2024-04-13,07,혁신대로,혁신대로_구간,43.9
2024-04-13,08,혁신대로,혁신대로_구간,39.0
2024-04-13,09,혁신대로,혁신대로_구간,40.5
2024-04-13,10,혁신대로,혁신대로_구간,35.8
2024-04-13,11,혁신대로,혁신대로_구간,34.4
2024-04-13,12,혁신대로,혁신대로_구간,34.1
2024-04-13,13,혁신대로,혁신대로_구간,28.4
2024-04-13,14,혁신대로,혁신대로_구간,26.2
2024-04-13,15,혁신대로,혁신대로_구간,29.6
2024-04-13,16,혁신대로,혁신대로_구간,34.5
2024-04-13,17,혁신대로,혁신대로_구간,32.6
2024-04-13,18,혁신대로,혁신대로_구간,33.0
2024-04-13,19,혁신대로,혁신대로_구간,39.5
2024-04-13,20,혁신대로,혁신대로_구간,40.9
2024-04-13,21,혁신대로,혁신대로_구간,44.3
2024-04-13,22,혁신대로,혁신대로_구간,44.7
2024-04-13,23,혁신대로,혁신대로_구간,47.8
2024-04-13,00,태평로,태평로_구간,50.0
2024-04-13,01,태평로,태평로_구간,50.7
2024-04-13,02,태평로,태평로_구간,46.6
2024-04-13,03,태평로,태평로_구간,50.0
2024-04-13,04,태평로,태평로_구간,44.8
2024-04-13,05,태평로,태평로_구간,43.8
2024-04-13,06,태평로,태평로_구간,46.8
2024-04-13,07,태평로,태평로_구간,42.4
2024-04-13,08,태평로,태평로_구간,39.0
2024-04-13,09,태평로,태평로_구간,37.7
2024-04-13,10,태평로,태평로_구간,38.4
2024-04-13,11,태평로,태평로_구간,36.6
2024-04-13,12,태평로,태평로_구간,30.5
2024-04-13,13,태평로,태평로_구간,29.9
2024-04-13,14,태평로,태평로_구간,28.2
2024-04-13,15,태평로,태평로_구간,28.2
2024-04-13,16,태평로,태평로_구간,32.9
2024-04-13,17,태평로,태평로_구간,35.0
2024-04-13,18,태평로,태평로_구간,38.1
2024-04-13,19,태평로,태평로_구간,40.2
2024-04-13,20,태평로,태평로_구간,41.4
2024-04-13,21,태평로,태평로_구간,44.6
2024-04-13,22,태평로,태평로_구간,49.2
2024-04-13,23,태평로,태평로_구간,47.9
2024-04-13,00,와룡로,와룡로_구간,51.1
2024-04-13,01,와룡로,와룡로_구간,48.8
2024-04-13,02,와룡로,와룡로_구간,46.3
2024-04-13,03,와룡로,와룡로_구간,45.3
2024-04-13,04,와룡로,와룡로_구간,48.6
2024-04-13,05,와룡로,와룡로_구간,44.7
2024-04-13,06,와룡로,와룡로_구간,47.0
2024-04-13,07,와룡로,와룡로_구간,41.1
2024-04-13,08,와룡로,와룡로_구간,40.5
2024-04-13,09,와룡로,와룡로_구간,42.3
2024-04-13,10,와룡로,와룡로_구간,34.1
2024-04-13,11,와룡로,와룡로_구간,30.6
2024-04-13,12,와룡로,와룡로_구간,34.3
2024-04-13,13,와룡로,와룡로_구간,28.5
2024-04-13,14,와룡로,와룡로_구간,28.0
2024-04-13,15,와룡로,와룡로_구간,28.9
2024-04-13,16,와룡로,와룡로_구간,33.5
2024-04-13,17,와룡로,와룡로_구간,33.3
2024-04-13,18,와룡로,와룡로_구간,35.7
2024-04-13,19,와룡로,와룡로_구간,38.8
2024-04-13,20,와룡로,와룡로_구간,40.2
2024-04-13,21,와룡로,와룡로_구간,43.7
2024-04-13,22,와룡로,와룡로_구간,47.4
2024-04-13,23,와룡로,와룡로_구간,46.4
2024-04-13,00,들안로,들안로_구간,49.2
2024-04-13,01,들안로,들안로_구간,49.2
2024-04-13,02,들안로,들안로_구간,47.3
2024-04-13,03,들안로,들안로_구간,46.5
2024-04-13,04,들안로,들안로_구간,46.0
2024-04-13,05,들안로,들안로_구간,43.8
2024-04-13,06,들안로,들안로_구간,45.2
2024-04-13,07,들안로,들안로_구간,44.6
2024-04-13,08,들안로,들안로_구간,39.2
2024-04-13,09,들안로,들안로_구간,38.9
2024-04-13,10,들안로,들안로_구간,35.6
2024-04-13,11,들안로,들안로_구간,34.7
2024-04-13,12,들안로,들안로_구간,34.8
2024-04-13,13,들안로,들안로_구간,30.9
2024-04-13,14,들안로,들안로_구간,24.8
2024-04-13,15,들안로,들안로_구간,30.8
2024-04-13,16,들안로,들안로_구간,35.2
2024-04-13,17,들안로,들안로_구간,34.6
2024-04-13,18,들안로,들안로_구간,37.8
2024-04-13,19,들안로,들안로_구간,36.8
2024-04-13,20,들안로,들안로_구간,39.3
2024-04-13,21,들안로,들안로_구간,45.3
2024-04-13,22,들안로,들안로_구간,44.8
2024-04-13,23,들안로,들안로_구간,48.6
2024-04-13,00,국가산단북로,국가산단북로_구간,52.3
2024-04-13,01,국가산단북로,국가산단북로_구간,45.6
2024-04-13,02,국가산단북로,국가산단북로_구간,45.7
2024-04-13,03,국가산단북로,국가산단북로_구간,45.1
2024-04-13,04,국가산단북로,국가산단북로_구간,45.9
2024-04-13,05,국가산단북로,국가산단북로_구간,44.3
2024-04-13,06,국가산단북로,국가산단북로_구간,46.5
2024-04-13,07,국가산단북로,국가산단북로_구간,43.7
2024-04-13,08,국가산단북로,국가산단북로_구간,40.9
2024-04-13,09,국가산단북로,국가산단북로_구간,38.3
2024-04-13,10,국가산단북로,국가산단북로_구간,36.7
2024-04-13,11,국가산단북로,국가산단북로_구간,32.4
2024-04-13,12,국가산단북로,국가산단북로_구간,33.5
2024-04-13,13,국가산단북로,국가산단북로_구간,28.0
2024-04-13,14,국가산단북로,국가산단북로_구간,29.5
2024-04-13,15,국가산단북로,국가산단북로_구간,32.1
2024-04-13,16,국가산단북로,국가산단북로_구간,33.4
2024-04-13,17,국가산단북로,국가산단북로_구간,34.7
2024-04-13,18,국가산단북로,국가산단북로_구간,36.7
2024-04-13,19,국가산단북로,국가산단북로_구간,32.8
2024-04-13,20,국가산단북로,국가산단북로_구간,42.5
2024-04-13,21,국가산단북로,국가산단북로_구간,44.8
2024-04-13,22,국가산단북로,국가산단북로_구간,47.9
2024-04-13,23,국가산단북로,국가산단북로_구간,50.3
2024-04-13,00,삼국유사로,삼국유사로_구간,49.9
2024-04-13,01,삼국유사로,삼국유사로_구간,46.9
2024-04-13,02,삼국유사로,삼국유사로_구간,47.7
2024-04-13,03,삼국유사로,삼국유사로_구간,47.1
2024-04-13,04,삼국유사로,삼국유사로_구간,46.2
2024-04-13,05,삼국유사로,삼국유사로_구간,45.3
2024-04-13,06,삼국유사로,삼국유사로_구간,45.9
2024-04-13,07,삼국유사로,삼국유사로_구간,40.0
2024-04-13,08,삼국유사로,삼국유사로_구간,40.3
2024-04-13,09,삼국유사로,삼국유사로_구간,40.3
2024-04-13,10,삼국유사로,삼국유사로_구간,32.9
2024-04-13,11,삼국유사로,삼국유사로_구간,34.3
2024-04-13,12,삼국유사로,삼국유사로_구간,30.9
2024-04-13,13,삼국유사로,삼국유사로_구간,29.3
2024-04-13,14,삼국유사로,삼국유사로_구간,26.4
2024-04-13,15,삼국유사로,삼국유사로_구간,29.7
2024-04-13,16,삼국유사로,삼국유사로_구간,36.3
2024-04-13,17,삼국유사로,삼국유사로_구간,32.7
2024-04-13,18,삼국유사로,삼국유사로_구간,33.9
2024-04-13,19,삼국유사로,삼국유사로_구간,35.7
2024-04-13,20,삼국유사로,삼국유사로_구간,45.1
2024-04-13,21,삼국유사로,삼국유사로_구간,44.2
2024-04-13,22,삼국유사로,삼국유사로_구간,48.0
2024-04-13,23,삼국유사로,삼국유사로_구간,48.3
2024-04-13,00,세천로,세천로_구간,48.3
2024-04-13,01,세천로,세천로_구간,48.6
2024-04-13,02,세천로,세천로_구간,52.4
2024-04-13,03,세천로,세천로_구간,49.5
2024-04-13,04,세천로,세천로_구간,44.5
2024-04-13,05,세천로,세천로_구간,46.2
2024-04-13,06,세천로,세천로_구간,42.5
2024-04-13,07,세천로,세천로_구간,38.8
2024-04-13,08,세천로,세천로_구간,41.8
2024-04-13,09,세천로,세천로_구간,40.1
2024-04-13,10,세천로,세천로_구간,37.9
2024-04-13,11,세천로,세천로_구간,33.2
2024-04-13,12,세천로,세천로_구간,31.7
2024-04-13,13,세천로,세천로_구간,31.3
2024-04-13,14,세천로,세천로_구간,28.7
2024-04-13,15,세천로,세천로_구간,29.3
2024-04-13,16,세천로,세천로_구간,30.1
2024-04-13,17,세천로,세천로_구간,35.2
2024-04-13,18,세천로,세천로_구간,37.9
2024-04-13,19,세천로,세천로_구간,35.8
2024-04-13,20,세천로,세천로_구간,43.1
2024-04-13,21,세천로,세천로_구간,45.6
2024-04-13,22,세천로,세천로_구간,49.4
2024-04-13,23,세천로,세천로_구간,50.6
2024-04-13,00,서대구로,서대구로_구간,48.7
2024-04-13,01,서대구로,서대구로_구간,46.1
2024-04-13,02,서대구로,서대구로_구간,47.0
2024-04-13,03,서대구로,서대구로_구간,48.6
2024-04-13,04,서대구로,서대구로_구간,45.0
2024-04-13,05,서대구로,서대구로_구간,43.8
2024-04-13,06,서대구로,서대구로_구간,40.7
2024-04-13,07,서대구로,서대구로_구간,45.2
2024-04-13,08,서대구로,서대구로_구간,41.5
2024-04-13,09,서대구로,서대구로_구간,39.4
2024-04-13,10,서대구로,서대구로_구간,37.7
2024-04-13,11,서대구로,서대구로_구간,35.0
2024-04-13,12,서대구로,서대구로_구간,31.6
2024-04-13,13,서대구로,서대구로_구간,29.7
2024-04-13,14,서대구로,서대구로_구간,27.2
2024-04-13,15,서대구로,서대구로_구간,34.7
2024-04-13,16,서대구로,서대구로_구간,34.0
2024-04-13,17,서대구로,서대구로_구간,34.2
2024-04-13,18,서대구로,서대구로_구간,36.8
2024-04-13,19,서대구로,서대구로_구간,36.2
2024-04-13,20,서대구로,서대구로_구간,44.7
2024-04-13,21,서대구로,서대구로_구간,43.8
2024-04-13,22,서대구로,서대구로_구간,48.9
2024-04-13,23,서대구로,서대구로_구간,50.9
2024-04-13,00,침산남로,침산남로_구간,50.7
2024-04-13,01,침산남로,침산남로_구간,49.2
2024-04-13,02,침산남로,침산남로_구간,48.0
2024-04-13,03,침산남로,침산남로_구간,46.9
2024-04-13,04,침산남로,침산남로_구간,45.0
2024-04-13,05,침산남로,침산남로_구간,44.2
2024-04-13,06,침산남로,침산남로_구간,46.7
2024-04-13,07,침산남로,침산남로_구간,41.8
2024-04-13,08,침산남로,침산남로_구간,38.6
2024-04-13,09,침산남로,침산남로_구간,37.1
2024-04-13,10,침산남로,침산남로_구간,38.0
2024-04-13,11,침산남로,침산남로_구간,35.2
2024-04-13,12,침산남로,침산남로_구간,33.0
2024-04-13,13,침산남로,침산남로_구간,29.5
2024-04-13,14,침산남로,침산남로_구간,29.0
2024-04-13,15,침산남로,침산남로_구간,28.8
2024-04-13,16,침산남로,침산남로_구간,32.5
2024-04-13,17,침산남로,침산남로_구간,36.7
2024-04-13,18,침산남로,침산남로_구간,37.6
2024-04-13,19,침산남로,침산남로_구간,36.2
2024-04-13,20,침산남로,침산남로_구간,40.5
2024-04-13,21,침산남로,침산남로_구간,45.2
2024-04-13,22,침산남로,침산남로_구간,51.1
2024-04-13,23,침산남로,침산남로_구간,45.6
2024-04-13,00,청호로,청호로_구간,50.5
2024-04-13,01,청호로,청호로_구간,46.5
2024-04-13,02,청호로,청호로_구간,46.9
2024-04-13,03,청호로,청호로_구간,46.3
2024-04-13,04,청호로,청호로_구간,45.2
2024-04-13,05,청호로,청호로_구간,44.0
2024-04-13,06,청호로,청호로_구간,44.0
2024-04-13,07,청호로,청호로_구간,41.0
2024-04-13,08,청호로,청호로_구간,37.4
2024-04-13,09,청호로,청호로_구간,39.4
2024-04-13,10,청호로,청호로_구간,37.4
2024-04-13,11,청호로,청호로_구간,35.5
2024-04-13,12,청호로,청호로_구간,29.2
2024-04-13,13,청호로,청호로_구간,30.5
2024-04-13,14,청호로,청호로_구간,29.2
2024-04-13,15,청호로,청호로_구간,28.1
2024-04-13,16,청호로,청호로_구간,33.0
2024-04-13,17,청호로,청호로_구간,34.8
2024-04-13,18,청호로,청호로_구간,39.3
2024-04-13,19,청호로,청호로_구간,41.5
2024-04-13,20,청호로,청호로_구간,39.0
2024-04-13,21,청호로,청호로_구간,49.5
2024-04-13,22,청호로,청호로_구간,46.4
2024-04-13,23,청호로,청호로_구간,50.8
2024-04-13,00,알파시티1로,알파시티1로_구간,51.7
2024-04-13,01,알파시티1로,알파시티1로_구간,47.2
2024-04-13,02,알파시티1로,알파시티1로_구간,48.9
2024-04-13,03,알파시티1로,알파시티1로_구간,46.8
2024-04-13,04,알파시티1로,알파시티1로_구간,47.0
2024-04-13,05,알파시티1로,알파시티1로_구간,45.4
2024-04-13,06,알파시티1로,알파시티1로_구간,46.2
2024-04-13,07,알파시티1로,알파시티1로_구간,42.1
2024-04-13,08,알파시티1로,알파시티1로_구간,39.7
2024-04-13,09,알파시티1로,알파시티1로_구간,40.0
2024-04-13,10,알파시티1로,알파시티1로_구간,37.0
2024-04-13,11,알파시티1로,알파시티1로_구간,35.3
2024-04-13,12,알파시티1로,알파시티1로_구간,30.8
2024-04-13,13,알파시티1로,알파시티1로_구간,28.1
2024-04-13,14,알파시티1로,알파시티1로_구간,27.0
2024-04-13,15,알파시티1로,알파시티1로_구간,28.9
2024-04-13,16,알파시티1로,알파시티1로_구간,34.4
2024-04-13,17,알파시티1로,알파시티1로_구간,36.8
2024-04-13,18,알파시티1로,알파시티1로_구간,35.7
2024-04-13,19,알파시티1로,알파시티1로_구간,40.6
2024-04-13,20,알파시티1로,알파시티1로_구간,44.5
2024-04-13,21,알파시티1로,알파시티1로_구간,45.4
2024-04-13,22,알파시티1로,알파시티1로_구간,46.5
2024-04-13,23,알파시티1로,알파시티1로_구간,51.8
2024-04-13,00,논공로,논공로_구간,49.9
2024-04-13,01,논공로,논공로_구간,49.2
2024-04-13,02,논공로,논공로_구간,47.4
2024-04-13,03,논공로,논공로_구간,45.4
2024-04-13,04,논공로,논공로_구간,43.4
2024-04-13,05,논공로,논공로_구간,46.1
2024-04-13,06,논공로,논공로_구간,42.6
2024-04-13,07,논공로,논공로_구간,47.5
2024-04-13,08,논공로,논공로_구간,38.0
2024-04-13,09,논공로,논공로_구간,35.7
2024-04-13,10,논공로,논공로_구간,36.9
2024-04-13,11,논공로,논공로_구간,36.8
2024-04-13,12,논공로,논공로_구간,32.1
2024-04-13,13,논공로,논공로_구간,31.0
2024-04-13,14,논공로,논공로_구간,24.7
2024-04-13,15,논공로,논공로_구간,28.8
2024-04-13,16,논공로,논공로_구간,31.1
2024-04-13,17,논공로,논공로_구간,31.6
2024-04-13,18,논공로,논공로_구간,36.2
2024-04-13,19,논공로,논공로_구간,34.0
2024-04-13,20,논공로,논공로_구간,39.6
2024-04-13,21,논공로,논공로_구간,44.0
2024-04-13,22,논공로,논공로_구간,46.5
2024-04-13,23,논공로,논공로_구간,49.7
